,Unnamed: 0,id,date,employee,action,frame,seconds,frame2
0,0,1256,2022-05-24 08:08:36,2,15.0,55.0,2.2,0.0
1,1,1257,2022-05-24 08:08:37,2,4.0,80.0,3.2,0.0
2,2,1258,2022-05-24 08:12:13,3,15.0,340.0,13.6,0.0
3,3,1259,2022-05-24 08:12:25,3,2.0,641.0,25.64,0.0
4,4,1260,2022-05-24 08:12:42,3,12.0,906.0,36.24,0.0
5,5,1261,2022-05-24 08:12:50,3,3.0,1106.0,44.24,0.0
6,6,1262,2022-05-24 08:12:58,3,13.0,1306.0,52.24,0.0
7,7,1263,2022-05-24 08:13:08,3,2.0,1555.0,62.2,0.0
8,8,1264,2022-05-24 08:14:06,2,14.0,1785.0,71.4,0.0
9,9,1265,2022-05-24 08:14:20,2,9.0,2135.0,85.4,0.0
10,10,1266,2022-05-24 08:14:22,2,19.0,2185.0,87.4,0.0
11,11,1267,2022-05-24 08:14:31,2,2.0,2410.0,96.4,0.0
12,12,1268,2022-05-24 08:16:26,2,12.0,2665.0,106.6,0.0
13,13,1269,2022-05-24 08:16:36,2,3.0,2915.0,116.6,0.0
14,14,1270,2022-05-24 08:18:13,2,13.0,3200.0,128.0,0.0
15,15,1271,2022-05-24 08:18:24,2,4.0,3475.0,139.0,0.0
16,16,1272,2022-05-24 08:23:56,10,15.0,3715.0,148.6,0.0
17,17,1273,2022-05-24 08:23:59,10,4.0,3790.0,151.6,0.0
18,18,1274,2022-05-24 08:44:34,10,14.0,4045.0,161.8,0.0
19,19,1275,2022-05-24 08:44:35,10,5.0,4070.0,162.8,0.0
20,20,1276,2022-05-24 08:50:40,6,15.0,4295.0,171.8,0.0
21,21,1277,2022-05-24 08:51:07,6,4.0,4751.0,190.04,0.0
22,22,1278,2022-05-24 08:51:08,4,15.0,4776.0,191.04,0.0
23,23,1279,2022-05-24 08:51:10,4,4.0,4826.0,193.04,0.0
24,24,1280,2022-05-24 08:51:21,6,14.0,5041.0,201.64,0.0
25,25,1281,2022-05-24 08:51:23,6,5.0,5091.0,203.64,0.0
26,26,1282,2022-05-24 08:51:48,4,14.0,5335.0,213.4,0.0
27,27,1283,2022-05-24 08:52:02,4,2.0,5685.0,227.4,0.0
28,28,1284,2022-05-24 08:54:10,4,12.0,5925.0,237.0,0.0
29,29,1285,2022-05-24 08:54:11,4,2.0,5950.0,238.0,0.0
30,30,1286,2022-05-24 08:56:18,4,12.0,6166.0,246.64,0.0
31,31,1287,2022-05-24 08:56:20,3,12.0,6216.0,248.64,0.0
32,32,1288,2022-05-24 08:56:34,3,5.0,6565.0,262.6,0.0
33,33,1289,2022-05-24 08:56:36,4,4.0,6615.0,264.6,0.0
34,34,1290,2022-05-24 08:56:56,4,14.0,6855.0,274.2,0.0
35,35,1291,2022-05-24 08:56:59,4,5.0,6930.0,277.2,0.0
36,36,1292,2022-05-24 09:03:19,5,15.0,7131.0,285.24,0.0
37,37,1293,2022-05-24 09:03:23,5,4.0,7231.0,289.24,0.0
38,38,1294,2022-05-24 09:03:23,3,15.0,7231.0,289.24,0.0
39,39,1295,2022-05-24 09:03:35,3,2.0,7531.0,301.24,0.0
40,40,1296,2022-05-24 09:16:40,1,14.0,7695.0,307.8,0.0
41,41,1297,2022-05-24 09:16:51,1,3.0,7970.0,318.8,0.0
42,42,1298,2022-05-24 09:17:04,1,13.0,8295.0,331.8,0.0
43,43,1299,2022-05-24 09:17:15,1,4.0,8570.0,342.8,0.0
44,44,1300,2022-05-24 09:21:28,5,14.0,8695.0,347.8,0.0
45,45,1301,2022-05-24 09:21:46,5,2.0,9145.0,365.8,0.0
46,46,1302,2022-05-24 09:23:20,10,15.0,9376.0,375.04,0.0
47,47,1303,2022-05-24 09:23:24,10,15.0,9475.0,379.0,0.0
48,48,1304,2022-05-24 09:23:33,5,12.0,9700.0,388.0,0.0
49,49,1305,2022-05-24 09:23:39,5,2.0,9850.0,394.0,0.0
50,50,1306,2022-05-24 09:23:44,10,15.0,9975.0,399.0,0.0
51,51,1307,2022-05-24 09:23:45,10,15.0,10000.0,400.0,0.0
52,52,1308,2022-05-24 09:24:13,10,2.0,10700.0,428.0,0.0
53,53,1309,2022-05-24 09:24:16,10,2.0,10775.0,431.0,0.0
54,54,1310,2022-05-24 09:24:18,10,2.0,10825.0,433.0,0.0
55,55,1311,2022-05-24 09:24:20,10,2.0,10875.0,435.0,0.0
56,56,1312,2022-05-24 09:24:25,5,12.0,11000.0,440.0,0.0
57,57,1313,2022-05-24 09:24:37,5,2.0,11301.0,452.04,0.0
58,58,1314,2022-05-24 09:28:53,5,12.0,11840.0,473.6,0.0
59,59,1315,2022-05-24 09:29:09,5,4.0,12240.0,489.6,0.0
60,60,1316,2022-05-24 09:32:29,6,15.0,13001.0,520.04,0.0
61,61,1317,2022-05-24 09:32:32,6,4.0,13075.0,523.0,0.0
62,62,1318,2022-05-24 09:32:36,6,14.0,13175.0,527.0,0.0
63,63,1319,2022-05-24 09:32:40,6,5.0,13275.0,531.0,0.0
64,64,1320,2022-05-24 09:32:46,6,15.0,13425.0,537.0,0.0
65,65,1321,2022-05-24 09:34:59,6,5.0,13790.0,551.6,0.0
66,66,1322,2022-05-24 09:34:59,5,14.0,13790.0,551.6,0.0
67,67,1323,2022-05-24 09:35:04,5,5.0,13915.0,556.6,0.0
68,68,1324,2022-05-24 09:41:29,5,15.0,14140.0,565.6,0.0
69,69,1325,2022-05-24 09:41:33,5,4.0,14240.0,569.6,0.0
70,70,1326,2022-05-24 09:49:46,2,14.0,14465.0,578.6,0.0
71,71,1327,2022-05-24 09:49:49,2,5.0,14540.0,581.6,0.0
72,72,1328,2022-05-24 09:52:15,6,15.0,14710.0,588.4,0.0
73,73,1329,2022-05-24 09:52:29,3,12.0,15040.0,601.6,0.0
74,74,1330,2022-05-24 09:52:35,6,5.0,15190.0,607.6,0.0
75,75,1331,2022-05-24 09:52:35,5,14.0,15190.0,607.6,0.0
76,76,1332,2022-05-24 09:52:39,5,5.0,15290.0,611.6,0.0
77,77,1333,2022-05-24 09:52:44,3,5.0,15415.0,616.6,0.0
78,78,1334,2022-05-24 09:54:22,2,15.0,15565.0,622.6,0.0
79,79,1335,2022-05-24 09:54:25,2,4.0,15640.0,625.6,0.0
80,80,1336,2022-05-24 09:55:36,5,15.0,15855.0,634.2,0.0
81,81,1337,2022-05-24 09:55:40,5,4.0,15955.0,638.2,0.0
82,82,1338,2022-05-24 09:55:47,3,15.0,16110.0,644.4,0.0
83,83,1339,2022-05-24 09:55:54,3,3.0,16310.0,652.4,0.0
84,84,1340,2022-05-24 09:56:20,5,14.0,16576.0,663.04,0.0
85,85,1341,2022-05-24 09:56:25,5,5.0,16701.0,668.04,0.0
86,86,1342,2022-05-24 09:57:48,3,13.0,17015.0,680.6,0.0
87,87,1343,2022-05-24 09:57:57,3,2.0,17240.0,689.6,0.0
88,88,1344,2022-05-24 10:00:27,5,15.0,17550.0,702.0,0.0
89,89,1345,2022-05-24 10:00:29,10,15.0,17600.0,704.0,0.0
90,90,1346,2022-05-24 10:00:30,5,4.0,17625.0,705.0,0.0
91,91,1347,2022-05-24 10:00:35,10,4.0,17750.0,710.0,0.0
92,92,1348,2022-05-24 10:07:34,10,14.0,17905.0,716.2,0.0
93,93,1349,2022-05-24 10:07:37,10,5.0,17980.0,719.2,0.0
94,94,1350,2022-05-24 10:08:29,0,15.0,18201.0,728.04,0.0
95,95,1351,2022-05-24 10:09:00,0,5.0,18515.0,740.6,0.0
96,96,1352,2022-05-24 10:14:33,3,12.0,18840.0,753.6,0.0
97,97,1353,2022-05-24 10:14:50,3,5.0,19265.0,770.6,0.0
98,98,1354,2022-05-24 10:15:31,3,15.0,19451.0,778.04,0.0
99,99,1355,2022-05-24 10:16:34,3,2.0,21025.0,841.0,0.0
100,100,1356,2022-05-24 10:20:33,6,15.0,21301.0,852.04,0.0
101,101,1357,2022-05-24 10:20:39,6,4.0,21451.0,858.04,0.0
102,102,1358,2022-05-24 10:20:57,6,14.0,21620.0,864.8,0.0
103,103,1359,2022-05-24 10:21:02,6,5.0,21745.0,869.8,0.0
104,104,1360,2022-05-24 10:24:05,10,12.0,22080.0,883.2,0.0
105,105,1361,2022-05-24 10:24:07,10,12.0,22130.0,885.2,0.0
106,106,1362,2022-05-24 10:24:08,10,2.0,22155.0,886.2,0.0
107,107,1363,2022-05-24 10:24:16,10,2.0,22355.0,894.2,0.0
108,108,1364,2022-05-24 10:24:18,10,12.0,22405.0,896.2,0.0
109,109,1365,2022-05-24 10:24:36,4,15.0,22855.0,914.2,0.0
110,110,1366,2022-05-24 10:24:41,10,12.0,22980.0,919.2,0.0
111,111,1367,2022-05-24 10:24:42,10,12.0,23005.0,920.2,0.0
112,112,1368,2022-05-24 10:24:44,10,12.0,23055.0,922.2,0.0
113,113,1369,2022-05-24 10:24:45,10,5.0,23080.0,923.2,0.0
114,114,1370,2022-05-24 10:24:48,4,3.0,23155.0,926.2,0.0
115,115,1371,2022-05-24 10:24:48,10,2.0,23155.0,926.2,0.0
116,116,1372,2022-05-24 10:24:57,10,5.0,23381.0,935.24,0.0
117,117,1373,2022-05-24 10:24:57,10,5.0,23381.0,935.24,0.0
118,118,1374,2022-05-24 10:25:08,10,12.0,23536.0,941.44,0.0
119,119,1375,2022-05-24 10:25:13,10,5.0,23661.0,946.44,0.0
120,120,1376,2022-05-24 10:25:15,5,14.0,23711.0,948.44,0.0
121,121,1377,2022-05-24 10:25:32,5,2.0,24135.0,965.4,0.0
122,122,1378,2022-05-24 10:25:59,4,13.0,24470.0,978.8,0.0
123,123,1379,2022-05-24 10:26:11,4,4.0,24770.0,990.8,0.0
124,124,1380,2022-05-24 10:26:55,5,12.0,24890.0,995.6,0.0
125,125,1381,2022-05-24 10:27:12,5,4.0,25315.0,1012.6,0.0
126,126,1382,2022-05-24 10:27:35,5,14.0,25491.0,1019.64,0.0
127,127,1383,2022-05-24 10:27:49,5,2.0,25841.0,1033.64,0.0
128,128,1384,2022-05-24 10:28:56,5,12.0,26115.0,1044.6,0.0
129,129,1385,2022-05-24 10:29:14,5,4.0,26565.0,1062.6,0.0
130,130,1386,2022-05-24 10:29:25,3,12.0,26700.0,1068.0,0.0
131,131,1387,2022-05-24 10:29:25,3,2.0,26700.0,1068.0,0.0
132,132,1388,2022-05-24 10:29:40,3,12.0,27075.0,1083.0,0.0
133,133,1389,2022-05-24 10:29:54,3,5.0,27426.0,1097.04,0.0
134,134,1390,2022-05-24 10:30:20,4,14.0,27655.0,1106.2,0.0
135,135,1391,2022-05-24 10:30:26,4,5.0,27805.0,1112.2,0.0
136,136,1392,2022-05-24 10:31:10,5,14.0,28065.0,1122.6,0.0
137,137,1393,2022-05-24 10:31:21,5,3.0,28340.0,1133.6,0.0
138,138,1394,2022-05-24 10:31:39,10,15.0,28710.0,1148.4,0.0
139,139,1395,2022-05-24 10:31:44,10,4.0,28835.0,1153.4,0.0
140,140,1396,2022-05-24 10:31:55,5,13.0,29110.0,1164.4,0.0
141,141,1397,2022-05-24 10:31:59,3,15.0,29210.0,1168.4,0.0
142,142,1398,2022-05-24 10:32:07,5,4.0,29411.0,1176.44,0.0
143,143,1399,2022-05-24 10:32:11,3,2.0,29511.0,1180.44,0.0
144,144,1400,2022-05-24 10:32:23,3,12.0,29811.0,1192.44,0.0
145,145,1401,2022-05-24 10:32:35,3,5.0,30111.0,1204.44,0.0
146,146,1402,2022-05-24 10:34:08,6,15.0,30335.0,1213.4,0.0
147,147,1403,2022-05-24 10:34:12,6,4.0,30435.0,1217.4,0.0
148,148,1404,2022-05-24 10:34:55,3,15.0,30691.0,1227.64,0.0
149,149,1405,2022-05-24 10:35:07,3,2.0,30990.0,1239.6,0.0
150,150,1406,2022-05-24 10:35:52,10,14.0,31255.0,1250.2,0.0
151,151,1407,2022-05-24 10:36:02,10,3.0,31505.0,1260.2,0.0
152,152,1408,2022-05-24 10:36:33,6,14.0,31720.0,1268.8,0.0
153,153,1409,2022-05-24 10:36:35,6,5.0,31770.0,1270.8,0.0
154,154,1410,2022-05-24 10:36:58,10,13.0,32046.0,1281.84,0.0
155,155,1411,2022-05-24 10:37:07,10,4.0,32271.0,1290.84,0.0
156,156,1412,2022-05-24 10:39:38,3,12.0,32546.0,1301.84,0.0
157,157,1413,2022-05-24 10:39:51,3,5.0,32871.0,1314.84,0.0
158,158,1414,2022-05-24 10:43:52,5,14.0,33095.0,1323.8,0.0
159,159,1415,2022-05-24 10:44:12,5,2.0,33596.0,1343.84,0.0
160,160,1416,2022-05-24 10:45:52,3,15.0,34575.0,1383.0,0.0
161,161,1417,2022-05-24 10:46:04,3,2.0,34875.0,1395.0,0.0
162,162,1418,2022-05-24 11:16:18,0,15.0,35465.0,1418.6,0.0
163,163,1419,2022-05-24 11:16:51,0,4.0,35990.0,1439.6,0.0
164,164,1420,2022-05-24 11:16:52,0,14.0,36015.0,1440.6,0.0
165,165,1421,2022-05-24 11:16:55,0,5.0,36090.0,1443.6,0.0
166,166,1422,2022-05-24 11:25:47,5,12.0,36370.0,1454.8,0.0
167,167,1423,2022-05-24 11:25:49,3,12.0,36420.0,1456.8,0.0
168,168,1424,2022-05-24 11:26:04,3,5.0,36795.0,1471.8,0.0
169,169,1425,2022-05-24 11:26:05,5,5.0,36820.0,1472.8,0.0
170,170,1426,2022-05-24 11:30:34,3,15.0,36985.0,1479.4,0.0
171,171,1427,2022-05-24 11:30:38,5,15.0,37085.0,1483.4,0.0
172,172,1428,2022-05-24 11:30:41,3,3.0,37160.0,1486.4,0.0
173,173,1429,2022-05-24 11:30:55,5,2.0,37510.0,1500.4,0.0
174,174,1430,2022-05-24 11:31:42,3,13.0,37885.0,1515.4,0.0
175,175,1431,2022-05-24 11:31:48,3,2.0,38035.0,1521.4,0.0
176,176,1432,2022-05-24 11:37:35,1,14.0,38351.0,1534.04,0.0
177,177,1433,2022-05-24 11:37:42,1,3.0,38526.0,1541.04,0.0
178,178,1434,2022-05-24 11:39:39,6,15.0,38811.0,1552.44,0.0
179,179,1435,2022-05-24 11:39:47,6,3.0,39011.0,1560.44,0.0
180,180,1436,2022-05-24 11:39:51,1,13.0,39111.0,1564.44,0.0
181,181,1437,2022-05-24 11:39:57,1,4.0,39261.0,1570.44,0.0
182,182,1438,2022-05-24 11:45:12,4,15.0,39415.0,1576.6,0.0
183,183,1439,2022-05-24 11:45:17,4,4.0,39540.0,1581.6,0.0
184,184,1440,2022-05-24 11:47:03,4,14.0,39851.0,1594.04,0.0
185,185,1441,2022-05-24 11:47:06,4,5.0,39926.0,1597.04,0.0
186,186,1442,2022-05-24 12:05:21,10,14.0,40240.0,1609.6,0.0
187,187,1443,2022-05-24 12:05:24,10,5.0,40315.0,1612.6,0.0
188,188,1444,2022-05-24 12:11:54,0,14.0,40545.0,1621.8,0.0
189,189,1445,2022-05-24 12:12:03,0,3.0,40770.0,1630.8,0.0
190,190,1446,2022-05-24 12:13:07,0,13.0,41130.0,1645.2,0.0
191,191,1447,2022-05-24 12:13:15,0,4.0,41331.0,1653.24,0.0
192,192,1448,2022-05-24 12:14:03,0,14.0,41470.0,1658.8,0.0
193,193,1449,2022-05-24 12:14:04,0,5.0,41495.0,1659.8,0.0
194,194,1450,2022-05-24 12:15:00,6,15.0,41735.0,1669.4,0.0
195,195,1451,2022-05-24 12:15:02,6,4.0,41785.0,1671.4,0.0
196,196,1452,2022-05-24 12:16:57,6,14.0,42040.0,1681.6,0.0
197,197,1453,2022-05-24 12:16:59,6,5.0,42090.0,1683.6,0.0
198,198,1454,2022-05-24 12:17:35,10,15.0,42290.0,1691.6,0.0
199,199,1455,2022-05-24 12:21:05,3,12.0,42620.0,1704.8,0.0
200,200,1456,2022-05-24 12:21:07,5,12.0,42670.0,1706.8,0.0
201,201,1457,2022-05-24 12:21:10,3,1.0,42745.0,1709.8,0.0
202,202,1458,2022-05-24 12:21:11,5,1.0,42770.0,1710.8,0.0
203,203,1459,2022-05-24 12:22:16,3,11.0,43495.0,1739.8,0.0
204,204,1460,2022-05-24 12:22:18,5,11.0,43545.0,1741.8,0.0
205,205,1461,2022-05-24 12:22:25,3,2.0,43720.0,1748.8,0.0
206,206,1462,2022-05-24 12:22:26,5,2.0,43745.0,1749.8,0.0
207,207,1463,2022-05-24 12:24:47,5,12.0,44370.0,1774.8,0.0
208,208,1464,2022-05-24 12:24:48,3,12.0,44395.0,1775.8,0.0
209,209,1465,2022-05-24 12:25:01,3,5.0,44720.0,1788.8,0.0
210,210,1466,2022-05-24 12:25:02,5,5.0,44745.0,1789.8,0.0
211,211,1467,2022-05-24 12:31:14,3,15.0,45025.0,1801.0,0.0
212,212,1468,2022-05-24 12:31:16,5,15.0,45075.0,1803.0,0.0
213,213,1469,2022-05-24 12:31:19,5,4.0,45150.0,1806.0,0.0
214,214,1470,2022-05-24 12:31:24,3,3.0,45275.0,1811.0,0.0
215,215,1471,2022-05-24 12:32:26,3,13.0,45565.0,1822.6,0.0
216,216,1472,2022-05-24 12:32:43,5,14.0,45991.0,1839.64,0.0
217,217,1473,2022-05-24 12:32:50,3,5.0,46166.0,1846.64,0.0
218,218,1474,2022-05-24 12:33:01,5,2.0,46441.0,1857.64,0.0
219,219,1475,2022-05-24 12:33:20,3,15.0,46775.0,1871.0,0.0
220,220,1476,2022-05-24 12:33:32,3,2.0,47075.0,1883.0,0.0
221,221,1477,2022-05-24 12:33:43,2,14.0,47290.0,1891.6,0.0
222,222,1478,2022-05-24 12:33:46,2,5.0,47365.0,1894.6,0.0
223,223,1479,2022-05-24 12:39:31,2,15.0,47610.0,1904.4,0.0
224,224,1480,2022-05-24 12:39:33,2,4.0,47660.0,1906.4,0.0
225,225,1481,2022-05-24 12:42:04,5,12.0,47955.0,1918.2,0.0
226,226,1482,2022-05-24 12:42:22,5,4.0,48406.0,1936.24,0.0
227,227,1483,2022-05-24 12:43:38,3,12.0,48705.0,1948.2,0.0
228,228,1484,2022-05-24 12:45:40,3,2.0,50615.0,2024.6,0.0
229,229,1485,2022-05-24 12:57:16,2,14.0,50875.0,2035.0,0.0
230,230,1486,2022-05-24 12:57:19,5,14.0,50950.0,2038.0,0.0
231,231,1487,2022-05-24 12:57:35,2,2.0,51350.0,2054.0,0.0
232,232,1488,2022-05-24 12:57:37,5,2.0,51400.0,2056.0,0.0
233,233,1489,2022-05-24 12:59:21,2,12.0,51921.0,2076.84,0.0
234,234,1490,2022-05-24 12:59:32,2,4.0,52196.0,2087.84,0.0
235,235,1491,2022-05-24 13:00:48,2,14.0,52435.0,2097.4,0.0
236,236,1492,2022-05-24 13:00:59,2,2.0,52710.0,2108.4,0.0
237,237,1493,2022-05-24 13:03:07,10,15.0,52910.0,2116.4,0.0
238,238,1494,2022-05-24 13:04:24,2,12.0,53216.0,2128.64,0.0
239,239,1495,2022-05-24 13:04:29,5,12.0,53340.0,2133.6,0.0
240,240,1496,2022-05-24 13:04:42,2,4.0,53665.0,2146.6,0.0
241,241,1497,2022-05-24 13:04:46,5,4.0,53765.0,2150.6,0.0
242,242,1498,2022-05-24 13:05:21,10,15.0,53980.0,2159.2,0.0
243,243,1499,2022-05-24 13:05:23,10,4.0,54030.0,2161.2,0.0
244,244,1500,2022-05-24 13:05:54,10,15.0,54365.0,2174.6,0.0
245,245,1501,2022-05-24 13:05:56,10,4.0,54415.0,2176.6,0.0
246,246,1502,2022-05-24 13:26:36,10,14.0,54655.0,2186.2,0.0
247,247,1503,2022-05-24 13:26:40,10,14.0,54755.0,2190.2,0.0
248,248,1504,2022-05-24 13:26:42,10,4.0,54805.0,2192.2,0.0
249,249,1505,2022-05-24 13:26:49,10,14.0,54980.0,2199.2,0.0
250,250,1506,2022-05-24 13:26:50,10,5.0,55005.0,2200.2,0.0
251,251,1507,2022-05-24 13:26:51,10,5.0,55030.0,2201.2,0.0
252,252,1508,2022-05-24 13:26:57,0,14.0,0.0,0.0,0.0
253,253,1509,2022-05-24 13:27:59,0,5.0,55311.0,2212.44,0.0
254,254,1510,2022-05-24 13:28:01,2,14.0,55361.0,2214.44,0.0
255,255,1511,2022-05-24 13:28:04,2,5.0,55436.0,2217.44,0.0
256,256,1512,2022-05-24 13:28:06,5,14.0,55486.0,2219.44,0.0
257,257,1513,2022-05-24 13:28:09,5,5.0,55561.0,2222.44,0.0
258,258,1514,2022-05-24 13:28:10,3,12.0,55586.0,2223.44,0.0
259,259,1515,2022-05-24 13:28:42,3,2.0,56265.0,2250.6,0.0
260,260,1516,2022-05-24 13:32:28,3,12.0,56535.0,2261.4,0.0
261,261,1517,2022-05-24 13:32:36,3,3.0,56735.0,2269.4,0.0
262,262,1518,2022-05-24 13:32:57,5,15.0,57121.0,2284.84,0.0
263,263,1519,2022-05-24 13:32:59,2,15.0,57171.0,2286.84,0.0
264,264,1520,2022-05-24 13:33:00,5,4.0,57196.0,2287.84,0.0
265,265,1521,2022-05-24 13:33:01,2,4.0,57221.0,2288.84,0.0
266,266,1522,2022-05-24 13:33:26,3,13.0,57525.0,2301.0,0.0
267,267,1523,2022-05-24 13:33:59,3,5.0,58310.0,2332.4,0.0
268,268,1524,2022-05-24 13:34:10,3,15.0,58565.0,2342.6,0.0
269,269,1525,2022-05-24 13:34:22,3,5.0,58865.0,2354.6,0.0
270,270,1526,2022-05-24 13:35:28,6,15.0,59096.0,2363.84,0.0
271,271,1527,2022-05-24 13:35:30,6,4.0,59146.0,2365.84,0.0
272,272,1528,2022-05-24 13:36:58,6,14.0,59385.0,2375.4,0.0
273,273,1529,2022-05-24 13:37:06,6,5.0,59585.0,2383.4,0.0
274,274,1530,2022-05-24 13:38:09,5,14.0,59760.0,2390.4,0.0
275,275,1531,2022-05-24 13:38:30,5,2.0,60285.0,2411.4,0.0
276,276,1532,2022-05-24 13:38:39,5,12.0,60510.0,2420.4,0.0
277,277,1533,2022-05-24 13:38:57,5,4.0,60960.0,2438.4,0.0
278,278,1534,2022-05-24 13:39:09,6,15.0,61160.0,2446.4,0.0
279,279,1535,2022-05-24 13:39:25,6,5.0,61480.0,2459.2,0.0
280,280,1536,2022-05-24 13:43:27,10,15.0,61730.0,2469.2,0.0
281,281,1537,2022-05-24 13:43:28,10,15.0,61755.0,2470.2,0.0
282,282,1538,2022-05-24 13:44:02,10,4.0,62505.0,2500.2,0.0
283,283,1539,2022-05-24 13:44:03,10,4.0,62530.0,2501.2,0.0
284,284,1540,2022-05-24 13:46:24,10,14.0,62795.0,2511.8,0.0
285,285,1541,2022-05-24 13:46:28,10,5.0,62895.0,2515.8,0.0
286,286,1542,2022-05-24 13:47:50,10,15.0,63165.0,2526.6,0.0
287,287,1543,2022-05-24 13:47:58,10,4.0,63365.0,2534.6,0.0
288,288,1544,2022-05-24 13:48:33,2,14.0,63560.0,2542.4,0.0
289,289,1545,2022-05-24 13:48:44,2,5.0,63835.0,2553.4,0.0
290,290,1546,2022-05-24 13:51:34,10,14.0,64045.0,2561.8,0.0
291,291,1547,2022-05-24 13:51:50,10,2.0,64445.0,2577.8,0.0
292,292,1548,2022-05-24 13:52:03,10,12.0,64771.0,2590.84,0.0
293,293,1549,2022-05-24 13:52:22,10,4.0,65246.0,2609.84,0.0
294,294,1550,2022-05-24 13:56:17,6,15.0,65460.0,2618.4,0.0
295,295,1551,2022-05-24 13:56:33,6,5.0,65860.0,2634.4,0.0
296,296,1552,2022-05-24 13:59:59,0,14.0,66090.0,2643.6,0.0
297,297,1553,2022-05-24 13:59:60,5,14.0,0.0,0.0,0.0
298,298,1554,2022-05-24 14:00:04,0,5.0,66215.0,2648.6,0.0
299,299,1555,2022-05-24 14:00:06,5,5.0,66265.0,2650.6,0.0
300,300,1556,2022-05-24 14:11:45,10,14.0,66481.0,2659.24,0.0
301,301,1557,2022-05-24 14:11:50,10,4.0,66605.0,2664.2,0.0
302,302,1558,2022-05-24 14:13:03,10,14.0,66870.0,2674.8,0.0
303,303,1559,2022-05-24 14:13:13,10,3.0,67120.0,2684.8,0.0
304,304,1560,2022-05-24 14:14:18,10,13.0,67465.0,2698.6,0.0
305,305,1561,2022-05-24 14:14:27,10,5.0,67690.0,2707.6,0.0
306,306,1562,2022-05-24 14:14:30,10,15.0,67765.0,2710.6,0.0
307,307,1563,2022-05-24 14:15:30,10,4.0,68945.0,2757.8,0.0
308,308,1564,2022-05-24 14:15:49,10,14.0,69000.0,2760.0,0.0
309,309,1565,2022-05-24 14:15:53,10,5.0,69100.0,2764.0,0.0
310,310,1566,2022-05-24 14:23:54,1,14.0,69405.0,2776.2,0.0
311,311,1567,2022-05-24 14:24:00,1,5.0,69555.0,2782.2,0.0
312,312,1568,2022-05-24 14:24:09,6,15.0,69780.0,2791.2,0.0
313,313,1569,2022-05-24 14:24:18,6,3.0,70005.0,2800.2,0.0
314,314,1570,2022-05-24 14:25:47,1,15.0,70271.0,2810.84,0.0
315,315,1571,2022-05-24 14:25:49,1,4.0,70321.0,2812.84,0.0
316,316,1572,2022-05-24 14:26:04,6,13.0,70696.0,2827.84,0.0
317,317,1573,2022-05-24 14:26:35,6,4.0,71470.0,2858.8,0.0
318,318,1574,2022-05-24 14:27:59,6,14.0,71751.0,2870.04,0.0
319,319,1575,2022-05-24 14:28:06,6,5.0,71926.0,2877.04,0.0
320,320,1576,2022-05-24 14:32:30,5,15.0,72165.0,2886.6,0.0
321,321,1577,2022-05-24 14:32:36,5,4.0,72315.0,2892.6,0.0
322,322,1578,2022-05-24 14:35:25,5,14.0,72601.0,2904.04,0.0
323,323,1579,2022-05-24 14:35:27,5,4.0,72651.0,2906.04,0.0
324,324,1580,2022-05-24 14:35:32,5,14.0,72776.0,2911.04,0.0
325,325,1581,2022-05-24 14:35:51,5,2.0,73251.0,2930.04,0.0
326,326,1582,2022-05-24 14:49:25,6,15.0,73620.0,2944.8,0.0
327,327,1583,2022-05-24 14:49:27,6,4.0,73670.0,2946.8,0.0
328,328,1584,2022-05-24 14:49:36,6,14.0,73895.0,2955.8,0.0
329,329,1585,2022-05-24 14:49:49,6,3.0,74221.0,2968.84,0.0
330,330,1586,2022-05-24 14:50:43,6,13.0,74490.0,2979.6,0.0
331,331,1587,2022-05-24 14:50:55,6,4.0,74790.0,2991.6,0.0
332,332,1588,2022-05-24 14:52:30,10,15.0,75126.0,3005.04,0.0
333,333,1589,2022-05-24 14:52:35,10,4.0,75251.0,3010.04,0.0
334,334,1590,2022-05-24 15:06:14,10,14.0,75525.0,3021.0,0.0
335,335,1591,2022-05-24 15:06:22,10,5.0,75725.0,3029.0,0.0
336,336,1592,2022-05-24 15:09:25,6,14.0,76021.0,3040.84,0.0
337,337,1593,2022-05-24 15:09:46,6,2.0,76545.0,3061.8,0.0
338,338,1594,2022-05-24 15:10:11,6,12.0,77170.0,3086.8,0.0
339,339,1595,2022-05-24 15:10:34,6,3.0,77745.0,3109.8,0.0
340,340,1596,2022-05-24 15:11:08,6,13.0,78015.0,3120.6,0.0
341,341,1597,2022-05-24 15:11:23,6,5.0,78415.0,3136.6,0.0
342,342,1598,2022-05-24 15:14:16,5,12.0,78636.0,3145.44,0.0
343,343,1599,2022-05-24 15:14:32,5,5.0,79035.0,3161.4,0.0
344,344,1600,2022-05-24 15:19:16,5,15.0,79275.0,3171.0,0.0
345,345,1601,2022-05-24 15:19:35,5,2.0,79750.0,3190.0,0.0
346,346,1602,2022-05-24 15:19:59,5,12.0,80350.0,3214.0,0.0
347,347,1603,2022-05-24 15:20:06,5,3.0,80525.0,3221.0,0.0
348,348,1604,2022-05-24 15:21:25,5,13.0,80861.0,3234.44,0.0
349,349,1605,2022-05-24 15:21:34,5,2.0,81086.0,3243.44,0.0
350,350,1606,2022-05-24 15:23:31,6,15.0,81251.0,3250.04,0.0
351,351,1607,2022-05-24 15:23:41,6,3.0,81501.0,3260.04,0.0
352,352,1608,2022-05-24 15:24:35,6,13.0,81830.0,3273.2,0.0
353,353,1609,2022-05-24 15:24:45,6,4.0,82080.0,3283.2,0.0
354,354,1610,2022-05-24 15:25:13,6,14.0,82440.0,3297.6,0.0
355,355,1611,2022-05-24 15:25:34,6,5.0,82785.0,3311.4,0.0
356,356,1612,2022-05-24 15:26:27,1,14.0,83031.0,3321.24,0.0
357,357,1613,2022-05-24 15:26:41,1,2.0,83380.0,3335.2,0.0
358,358,1614,2022-05-24 15:27:35,1,12.0,83650.0,3346.0,0.0
359,359,1615,2022-05-24 15:27:47,1,4.0,83950.0,3358.0,0.0
360,360,1616,2022-05-24 15:40:56,0,15.0,84115.0,3364.6,0.0
361,361,1617,2022-05-24 15:41:07,5,12.0,84390.0,3375.6,0.0
362,362,1618,2022-05-24 15:41:09,0,5.0,84440.0,3377.6,0.0
363,363,1619,2022-05-24 15:41:33,5,5.0,85040.0,3401.6,0.0
364,364,1620,2022-05-24 15:43:43,5,15.0,85230.0,3409.2,0.0
365,365,1621,2022-05-24 15:43:45,5,4.0,85280.0,3411.2,0.0
366,366,1622,2022-05-24 15:44:12,5,14.0,85515.0,3420.6,0.0
367,367,1623,2022-05-24 15:44:14,5,5.0,85565.0,3422.6,0.0
368,368,1624,2022-05-24 15:44:26,1,14.0,85805.0,3432.2,0.0
369,369,1625,2022-05-24 15:44:33,1,3.0,85980.0,3439.2,0.0
370,370,1626,2022-05-24 15:44:43,1,13.0,86230.0,3449.2,0.0
371,371,1627,2022-05-24 15:44:49,1,4.0,86380.0,3455.2,0.0
372,372,1628,2022-05-24 15:45:03,1,14.0,86590.0,3463.6,0.0
373,373,1629,2022-05-24 15:45:09,1,3.0,86740.0,3469.6,0.0
374,374,1630,2022-05-24 15:45:50,1,13.0,86985.0,3479.4,0.0
375,375,1631,2022-05-24 15:45:59,1,5.0,87210.0,3488.4,0.0
376,376,1632,2022-05-24 15:46:36,1,15.0,87555.0,3502.2,0.0
377,377,1633,2022-05-24 15:46:37,1,4.0,87580.0,3503.2,0.0
378,378,1634,2022-05-24 15:47:18,1,14.0,87845.0,3513.8,0.0
379,379,1635,2022-05-24 15:47:19,1,5.0,87870.0,3514.8,0.0
380,380,1636,2022-05-24 15:47:38,5,15.0,88106.0,3524.24,0.0
381,381,1637,2022-05-24 15:47:55,5,2.0,88531.0,3541.24,0.0
382,382,1638,2022-05-24 15:48:21,1,15.0,88820.0,3552.8,0.0
383,383,1639,2022-05-24 15:48:22,1,4.0,88845.0,3553.8,0.0
384,384,1640,2022-05-24 15:54:52,1,14.0,89096.0,3563.84,0.0
385,385,1641,2022-05-24 15:55:03,1,2.0,89371.0,3574.84,0.0
386,386,1642,2022-05-24 15:55:14,1,12.0,89646.0,3585.84,0.0
387,387,1643,2022-05-24 15:55:25,1,4.0,89920.0,3596.8,0.0
388,388,1644,2022-05-24 15:56:01,1,14.0,90140.0,3605.6,0.0
389,389,1645,2022-05-24 15:56:34,1,5.0,90705.0,3628.2,0.0
390,390,1646,2022-05-24 16:00:00,3,15.0,90876.0,3635.04,0.0
391,391,1647,2022-05-24 16:00:12,3,2.0,91175.0,3647.0,0.0
392,392,1648,2022-05-24 16:01:15,3,12.0,91510.0,3660.4,0.0
393,393,1649,2022-05-24 16:01:28,3,6.0,91835.0,3673.4,0.0
394,394,1650,2022-05-24 16:01:57,3,16.0,92361.0,3694.44,0.0
395,395,1651,2022-05-24 16:02:08,3,2.0,92636.0,3705.44,0.0
396,396,1652,2022-05-24 16:03:29,3,12.0,93240.0,3729.6,0.0
397,397,1653,2022-05-24 16:03:35,3,3.0,93390.0,3735.6,0.0
398,398,1654,2022-05-24 16:03:44,3,13.0,93615.0,3744.6,0.0
399,399,1655,2022-05-24 16:03:51,3,2.0,93790.0,3751.6,0.0
400,400,1656,2022-05-24 16:09:29,3,12.0,94101.0,3764.04,0.0
401,401,1657,2022-05-24 16:09:31,5,12.0,94151.0,3766.04,0.0
402,402,1658,2022-05-24 16:09:55,5,4.0,94750.0,3790.0,0.0
403,403,1659,2022-05-24 16:09:55,3,4.0,94750.0,3790.0,0.0
404,404,1660,2022-05-24 16:12:42,3,14.0,95085.0,3803.4,0.0
405,405,1661,2022-05-24 16:12:55,5,14.0,95410.0,3816.4,0.0
406,406,1662,2022-05-24 16:12:56,3,5.0,95435.0,3817.4,0.0
407,407,1663,2022-05-24 16:13:17,5,5.0,95660.0,3826.4,0.0
408,408,1664,2022-05-24 16:22:33,3,15.0,95880.0,3835.2,0.0
409,409,1665,2022-05-24 16:22:34,5,15.0,95905.0,3836.2,0.0
410,410,1666,2022-05-24 16:22:41,3,3.0,96080.0,3843.2,0.0
411,411,1667,2022-05-24 16:22:48,5,2.0,96255.0,3850.2,0.0
412,412,1668,2022-05-24 16:22:49,3,13.0,96280.0,3851.2,0.0
413,413,1669,2022-05-24 16:22:55,3,2.0,96430.0,3857.2,0.0
414,414,1670,2022-05-24 16:23:34,3,12.0,96785.0,3871.4,0.0
415,415,1671,2022-05-24 16:23:41,3,3.0,96961.0,3878.44,0.0
416,416,1672,2022-05-24 16:23:48,3,13.0,97136.0,3885.44,0.0
417,417,1673,2022-05-24 16:23:58,3,6.0,97386.0,3895.44,0.0
418,418,1674,2022-05-24 16:25:18,3,16.0,97885.0,3915.4,0.0
419,419,1675,2022-05-24 16:25:19,3,3.0,97910.0,3916.4,0.0
420,420,1676,2022-05-24 16:26:25,3,13.0,98181.0,3927.24,0.0
421,421,1677,2022-05-24 16:26:28,3,6.0,98256.0,3930.24,0.0
422,422,1678,2022-05-24 16:26:40,3,16.0,98556.0,3942.24,0.0
423,423,1679,2022-05-24 16:26:48,3,2.0,98755.0,3950.2,0.0
424,424,1680,2022-05-24 16:30:26,0,15.0,99045.0,3961.8,0.0
425,425,1681,2022-05-24 16:30:53,3,12.0,99720.0,3988.8,0.0
426,426,1682,2022-05-24 16:31:18,5,12.0,100346.0,4013.84,0.0
427,427,1683,2022-05-24 16:31:43,5,4.0,100970.0,4038.8,0.0
428,428,1684,2022-05-24 16:31:45,0,4.0,101020.0,4040.8,0.0
429,429,1685,2022-05-24 16:31:49,3,4.0,101120.0,4044.8,0.0
430,430,1686,2022-05-24 16:31:56,3,14.0,101295.0,4051.8,0.0
431,431,1687,2022-05-24 16:31:57,0,14.0,101320.0,4052.8,0.0
432,432,1688,2022-05-24 16:31:59,5,14.0,101370.0,4054.8,0.0
433,433,1689,2022-05-24 16:32:03,5,4.0,101470.0,4058.8,0.0
434,434,1690,2022-05-24 16:32:10,5,14.0,101645.0,4065.8,0.0
435,435,1691,2022-05-24 16:32:15,3,6.0,101770.0,4070.8,0.0
436,436,1692,2022-05-24 16:32:21,3,16.0,101920.0,4076.8,0.0
437,437,1693,2022-05-24 16:32:33,5,4.0,102160.0,4086.4,0.0
438,438,1694,2022-05-24 16:33:15,3,6.0,102930.0,4117.2,0.0
439,439,1695,2022-05-24 16:33:25,5,14.0,103181.0,4127.24,0.0
440,440,1696,2022-05-24 16:33:26,0,5.0,103206.0,4128.24,0.0
441,441,1697,2022-05-24 16:33:38,3,16.0,103486.0,4139.44,0.0
442,442,1698,2022-05-24 16:33:53,5,2.0,103861.0,4154.44,0.0
443,443,1699,2022-05-24 16:33:54,3,2.0,103885.0,4155.4,0.0
444,444,1700,2022-05-24 16:50:26,10,15.0,104546.0,4181.84,0.0
445,445,1701,2022-05-24 16:50:28,10,15.0,104596.0,4183.84,0.0
446,446,1702,2022-05-24 16:50:33,5,12.0,104721.0,4188.84,0.0
447,447,1703,2022-05-24 16:50:56,10,5.0,105295.0,4211.8,0.0
448,448,1704,2022-05-24 16:50:57,10,5.0,105320.0,4212.8,0.0
449,449,1705,2022-05-24 16:50:58,5,5.0,105345.0,4213.8,0.0
450,450,1706,2022-05-24 16:59:56,3,12.0,105576.0,4223.04,0.0
451,451,1707,2022-05-24 17:00:10,3,5.0,105926.0,4237.04,0.0
452,452,1708,2022-05-24 17:02:20,3,15.0,106536.0,4261.44,0.0
453,453,1709,2022-05-24 17:02:33,3,2.0,106861.0,4274.44,0.0
454,454,1710,2022-05-24 17:28:57,3,12.0,107161.0,4286.44,0.0
455,455,1711,2022-05-24 17:29:08,3,5.0,107436.0,4297.44,0.0
456,456,1712,2022-05-24 17:29:11,3,15.0,107511.0,4300.44,0.0
457,457,1713,2022-05-24 17:29:23,3,2.0,107810.0,4312.4,0.0
458,458,1714,2022-05-24 18:45:56,3,12.0,108456.0,4338.24,0.0
459,459,1715,2022-05-24 18:46:14,3,6.0,108906.0,4356.24,0.0
460,460,1716,2022-05-24 18:46:27,3,16.0,109230.0,4369.2,0.0
461,461,1717,2022-05-24 18:46:33,3,3.0,109380.0,4375.2,0.0
462,462,1718,2022-05-24 18:47:35,3,13.0,109810.0,4392.4,0.0
463,463,1719,2022-05-24 18:47:42,3,5.0,109985.0,4399.4,0.0
464,464,1720,2022-05-24 18:48:36,3,15.0,110216.0,4408.64,0.0
465,465,1721,2022-05-24 18:48:47,3,2.0,110490.0,4419.6,0.0
466,466,1722,2022-05-24 18:49:02,3,12.0,110865.0,4434.6,0.0
467,467,1723,2022-05-24 18:49:14,3,1.0,111165.0,4446.6,0.0
468,468,1724,2022-05-24 18:49:21,3,11.0,111340.0,4453.6,0.0
469,469,1725,2022-05-24 18:49:41,3,5.0,111840.0,4473.6,0.0
470,470,1726,2022-05-24 19:00:42,3,15.0,112106.0,4484.24,0.0
471,471,1727,2022-05-24 19:00:49,3,3.0,112280.0,4491.2,0.0
472,472,1728,2022-05-24 19:00:56,3,13.0,112455.0,4498.2,0.0
473,473,1729,2022-05-24 19:01:06,3,2.0,112705.0,4508.2,0.0
474,474,1730,2022-05-24 19:45:38,0,15.0,112961.0,4518.44,0.0
475,475,1731,2022-05-24 19:45:52,0,2.0,113295.0,4531.8,0.0
476,476,1732,2022-05-24 19:46:07,0,12.0,113671.0,4546.84,0.0
477,477,1733,2022-05-24 19:46:20,0,5.0,113996.0,4559.84,0.0
478,478,1734,2022-05-24 19:49:57,3,12.0,114420.0,4576.8,0.0
479,479,1735,2022-05-24 19:50:11,3,5.0,114770.0,4590.8,0.0
480,480,1736,2022-05-24 19:57:37,3,15.0,114940.0,4597.6,0.0
481,481,1737,2022-05-24 19:57:50,3,2.0,115265.0,4610.6,0.0
482,482,1738,2022-05-24 20:02:39,3,12.0,116370.0,4654.8,0.0
483,483,1739,2022-05-24 20:02:49,3,5.0,116621.0,4664.84,0.0
484,484,1740,2022-05-24 20:04:34,3,15.0,116825.0,4673.0,0.0
485,485,1741,2022-05-24 20:04:47,3,2.0,117150.0,4686.0,0.0
486,486,1742,2022-05-24 20:07:44,0,15.0,117776.0,4711.04,0.0
487,487,1743,2022-05-24 20:07:48,0,5.0,117876.0,4715.04,0.0
488,488,1744,2022-05-24 20:08:09,3,12.0,118221.0,4728.84,0.0
489,489,1745,2022-05-24 20:08:23,3,5.0,118570.0,4742.8,0.0
490,490,1746,2022-05-24 20:09:13,3,15.0,118960.0,4758.4,0.0
491,491,1747,2022-05-24 20:09:22,3,6.0,119185.0,4767.4,0.0
492,492,1748,2022-05-24 20:09:35,3,16.0,119510.0,4780.4,0.0
493,493,1749,2022-05-24 20:09:41,3,2.0,119660.0,4786.4,0.0
494,494,1750,2022-05-24 20:09:56,3,12.0,119955.0,4798.2,0.0
495,495,1751,2022-05-24 20:10:03,3,6.0,120131.0,4805.24,0.0
496,496,1752,2022-05-24 20:10:55,3,16.0,120330.0,4813.2,0.0
497,497,1753,2022-05-24 20:10:57,3,6.0,120380.0,4815.2,0.0
498,498,1754,2022-05-24 20:11:01,3,16.0,120480.0,4819.2,0.0
499,499,1755,2022-05-24 20:11:14,3,2.0,120805.0,4832.2,0.0
500,500,1756,2022-05-24 20:16:30,3,12.0,121845.0,4873.8,0.0
501,501,1757,2022-05-24 20:16:36,3,2.0,121995.0,4879.8,0.0
502,502,1758,2022-05-24 20:16:50,3,12.0,122345.0,4893.8,0.0
503,503,1759,2022-05-24 20:16:58,3,1.0,122545.0,4901.8,0.0
504,504,1760,2022-05-24 20:17:01,3,11.0,122620.0,4904.8,0.0
505,505,1761,2022-05-24 20:17:03,3,1.0,122670.0,4906.8,0.0
506,506,1762,2022-05-24 20:22:44,3,11.0,123015.0,4920.6,0.0
507,507,1763,2022-05-24 20:22:54,3,2.0,123265.0,4930.6,0.0
508,508,1764,2022-05-24 20:25:22,3,12.0,124005.0,4960.2,0.0
509,509,1765,2022-05-24 20:25:33,3,5.0,124280.0,4971.2,0.0
510,510,1766,2022-05-24 20:48:03,3,15.0,124530.0,4981.2,0.0
511,511,1767,2022-05-24 20:48:10,3,3.0,124705.0,4988.2,0.0
512,512,1768,2022-05-24 20:49:14,3,13.0,125025.0,5001.0,0.0
513,513,1769,2022-05-24 20:49:22,3,2.0,125225.0,5009.0,0.0
514,514,1770,2022-05-24 20:54:28,3,12.0,125515.0,5020.6,0.0
515,515,1771,2022-05-24 20:54:53,3,6.0,126140.0,5045.6,0.0
516,516,1772,2022-05-24 20:55:23,3,16.0,126650.0,5066.0,0.0
517,517,1773,2022-05-24 20:55:25,3,6.0,126700.0,5068.0,0.0
518,518,1774,2022-05-24 20:55:28,3,16.0,126775.0,5071.0,0.0
519,519,1775,2022-05-24 20:55:42,3,5.0,127125.0,5085.0,0.0
520,520,1776,2022-05-24 21:47:09,8,15.0,127840.0,5113.6,0.0
521,521,1777,2022-05-24 21:47:11,10,15.0,127890.0,5115.6,0.0
522,522,1778,2022-05-24 21:47:12,10,15.0,127915.0,5116.6,0.0
523,523,1779,2022-05-24 21:47:13,5,15.0,127940.0,5117.6,0.0
524,524,1780,2022-05-24 21:47:17,5,4.0,128040.0,5121.6,0.0
525,525,1781,2022-05-24 21:47:17,8,3.0,128040.0,5121.6,0.0
526,526,1782,2022-05-24 21:48:01,10,4.0,129020.0,5160.8,0.0
527,527,1783,2022-05-24 21:48:03,10,4.0,129070.0,5162.8,0.0
528,528,1784,2022-05-24 21:48:33,8,13.0,129340.0,5173.6,0.0
529,529,1785,2022-05-24 21:48:34,5,14.0,129365.0,5174.6,0.0
530,530,1786,2022-05-24 21:48:35,10,14.0,129390.0,5175.6,0.0
531,531,1787,2022-05-24 21:48:39,10,14.0,129515.0,5180.6,0.0
532,532,1788,2022-05-24 21:48:43,8,4.0,129590.0,5183.6,0.0
533,533,1789,2022-05-24 21:48:48,5,4.0,129716.0,5188.64,0.0
534,534,1790,2022-05-24 21:48:56,5,14.0,129916.0,5196.64,0.0
535,535,1791,2022-05-24 21:48:57,5,4.0,129941.0,5197.64,0.0
536,536,1792,2022-05-24 21:49:32,8,14.0,130035.0,5201.4,0.0
537,537,1793,2022-05-24 21:49:33,8,4.0,130060.0,5202.4,0.0
538,538,1794,2022-05-24 21:49:35,8,14.0,130110.0,5204.4,0.0
539,539,1795,2022-05-24 21:49:45,8,5.0,130360.0,5214.4,0.0
540,540,1796,2022-05-24 21:49:45,5,5.0,130360.0,5214.4,0.0
541,541,1797,2022-05-24 21:49:45,10,5.0,130360.0,5214.4,0.0
542,542,1798,2022-05-24 21:49:45,10,5.0,130360.0,5214.4,0.0
543,543,1799,2022-05-24 21:52:13,10,15.0,130460.0,5218.4,0.0
544,544,1800,2022-05-24 21:52:21,8,15.0,130660.0,5226.4,0.0
545,545,1801,2022-05-24 21:52:23,10,15.0,130710.0,5228.4,0.0
546,546,1802,2022-05-24 21:52:23,5,15.0,130710.0,5228.4,0.0
547,547,1803,2022-05-24 21:52:55,10,2.0,131510.0,5260.4,0.0
548,548,1804,2022-05-24 21:52:57,8,2.0,131560.0,5262.4,0.0
549,549,1805,2022-05-24 21:52:58,10,2.0,131585.0,5263.4,0.0
550,550,1806,2022-05-24 21:53:05,5,2.0,131760.0,5270.4,0.0
551,551,1807,2022-05-25 00:30:23,10,12.0,145340.0,5813.6,0.0
552,552,1808,2022-05-25 00:30:37,10,2.0,145690.0,5827.6,0.0
553,553,1809,2022-05-25 01:06:59,10,12.0,146419.0,5856.76,0.0
554,554,1810,2022-05-25 01:07:00,8,12.0,146444.0,5857.76,0.0
555,555,1811,2022-05-25 01:07:02,10,12.0,146494.0,5859.76,0.0
556,556,1812,2022-05-25 01:07:06,10,12.0,146594.0,5863.76,0.0
557,557,1813,2022-05-25 01:07:17,5,12.0,146869.0,5874.76,0.0
558,558,1814,2022-05-25 01:07:32,10,5.0,147244.0,5889.76,0.0
559,559,1815,2022-05-25 01:10:13,10,5.0,148049.0,5921.96,0.0
560,560,1816,2022-05-25 01:10:14,10,5.0,148074.0,5922.96,0.0
561,561,1817,2022-05-25 01:10:15,8,5.0,148099.0,5923.96,0.0
562,562,1818,2022-05-25 01:10:16,5,5.0,148124.0,5924.96,0.0
563,563,1819,2022-05-25 01:11:34,0,10.0,148355.0,5934.2,0.0
564,564,1820,2022-05-25 01:53:38,5,15.0,148814.0,5952.56,0.0
565,565,1821,2022-05-25 01:53:39,10,15.0,148839.0,5953.56,0.0
566,566,1822,2022-05-25 01:53:53,10,2.0,149069.0,5962.76,0.0
567,567,1823,2022-05-25 01:53:59,5,2.0,149219.0,5968.76,0.0
568,568,1824,2022-05-25 01:54:43,10,12.0,149800.0,5992.0,0.0
569,569,1825,2022-05-25 01:54:45,5,12.0,149850.0,5994.0,0.0
570,570,1826,2022-05-25 01:55:07,10,5.0,150399.0,6015.96,0.0
571,571,1827,2022-05-25 01:55:09,5,5.0,150449.0,6017.96,0.0
572,572,1828,2022-05-25 01:55:12,0,10.0,150524.0,6020.96,0.0
573,573,1829,2022-05-25 05:55:53,3,15.0,150809.0,6032.36,0.0
574,574,1830,2022-05-25 05:56:12,3,2.0,151284.0,6051.36,0.0
575,575,1831,2022-05-25 05:57:56,3,12.0,152085.0,6083.4,0.0
576,576,1832,2022-05-25 05:57:59,3,2.0,152160.0,6086.4,0.0
577,577,1833,2022-05-25 05:58:03,3,12.0,152260.0,6090.4,0.0
578,578,1834,2022-05-25 05:58:30,3,5.0,152934.0,6117.36,0.0
579,579,1835,2022-05-25 06:17:49,3,15.0,153309.0,6132.36,0.0
580,580,1836,2022-05-25 06:17:55,3,3.0,153459.0,6138.36,0.0
581,581,1837,2022-05-25 06:18:06,3,13.0,153734.0,6149.36,0.0
582,582,1838,2022-05-25 06:18:14,3,6.0,153934.0,6157.36,0.0
583,583,1839,2022-05-25 06:18:42,3,16.0,0.0,0.0,0.0
584,584,1840,2022-05-25 06:18:56,3,2.0,154784.0,6191.36,0.0
585,585,1841,2022-05-25 06:20:53,3,12.0,155789.0,6231.56,0.0
586,586,1842,2022-05-25 06:20:58,3,2.0,155914.0,6236.56,0.0
587,587,1843,2022-05-25 06:24:13,3,12.0,156190.0,6247.6,0.0
588,588,1844,2022-05-25 06:24:20,3,3.0,156365.0,6254.6,0.0
589,589,1845,2022-05-25 06:24:36,3,13.0,156765.0,6270.6,0.0
590,590,1846,2022-05-25 06:24:39,3,6.0,156840.0,6273.6,0.0
591,591,1847,2022-05-25 06:25:36,3,16.0,157064.0,6282.56,0.0
592,592,1848,2022-05-25 06:25:48,3,2.0,157364.0,6294.56,0.0
593,593,1849,2022-05-25 06:53:11,2,15.0,157760.0,6310.4,0.0
594,594,1850,2022-05-25 06:53:19,2,4.0,157960.0,6318.4,0.0
595,595,1851,2022-05-25 06:53:25,7,15.0,158110.0,6324.4,0.0
596,596,1852,2022-05-25 06:53:40,7,3.0,158484.0,6339.36,0.0
597,597,1853,2022-05-25 06:54:53,7,13.0,158809.0,6352.36,0.0
598,598,1854,2022-05-25 06:55:03,7,2.0,159059.0,6362.36,0.0
599,599,1855,2022-05-25 06:55:28,7,12.0,159345.0,6373.8,0.0
600,600,1856,2022-05-25 06:55:52,7,4.0,159945.0,6397.8,0.0
601,601,1857,2022-05-25 07:03:53,7,14.0,160229.0,6409.16,0.0
602,602,1858,2022-05-25 07:04:26,7,4.0,160974.0,6438.96,0.0
603,603,1859,2022-05-25 07:05:11,7,14.0,161220.0,6448.8,0.0
604,604,1860,2022-05-25 07:05:28,7,6.0,161645.0,6465.8,0.0
605,605,1861,2022-05-25 07:05:41,2,14.0,161969.0,6478.76,0.0
606,606,1862,2022-05-25 07:05:50,2,2.0,162194.0,6487.76,0.0
607,607,1863,2022-05-25 07:06:24,2,12.0,162484.0,6499.36,0.0
608,608,1864,2022-05-25 07:06:28,7,16.0,162584.0,6503.36,0.0
609,609,1865,2022-05-25 07:06:48,2,4.0,163084.0,6523.36,0.0
610,610,1866,2022-05-25 07:06:56,7,5.0,163284.0,6531.36,0.0
611,611,1867,2022-05-25 07:08:02,4,15.0,163494.0,6539.76,0.0
612,612,1868,2022-05-25 07:08:04,4,4.0,163544.0,6541.76,0.0
613,613,1869,2022-05-25 07:08:53,4,14.0,163729.0,6549.16,0.0
614,614,1870,2022-05-25 07:09:08,4,2.0,164104.0,6564.16,0.0
615,615,1871,2022-05-25 07:09:37,4,12.0,164350.0,6574.0,0.0
616,616,1872,2022-05-25 07:10:16,4,5.0,165305.0,6612.2,0.0
617,617,1873,2022-05-25 07:19:17,3,12.0,165570.0,6622.8,0.0
618,618,1874,2022-05-25 07:19:22,3,2.0,165695.0,6627.8,0.0
619,619,1875,2022-05-25 07:20:02,3,12.0,166215.0,6648.6,0.0
620,620,1876,2022-05-25 07:20:17,3,4.0,166589.0,6663.56,0.0
621,621,1877,2022-05-25 07:21:00,3,14.0,166824.0,6672.96,0.0
622,622,1878,2022-05-25 07:21:03,3,5.0,166899.0,6675.96,0.0
623,623,1879,2022-05-25 07:21:22,4,15.0,167094.0,6683.76,0.0
624,624,1880,2022-05-25 07:21:23,3,15.0,167119.0,6684.76,0.0
625,625,1881,2022-05-25 07:21:25,4,4.0,167169.0,6686.76,0.0
626,626,1882,2022-05-25 07:21:31,4,14.0,167320.0,6692.8,0.0
627,627,1883,2022-05-25 07:21:33,3,5.0,167370.0,6694.8,0.0
628,628,1884,2022-05-25 07:21:34,4,5.0,167394.0,6695.76,0.0
629,629,1885,2022-05-25 07:27:13,2,14.0,167590.0,6703.6,0.0
630,630,1886,2022-05-25 07:27:15,2,5.0,167640.0,6705.6,0.0
631,631,1887,2022-05-25 07:27:45,3,15.0,167909.0,6716.36,0.0
632,632,1888,2022-05-25 07:27:48,2,15.0,167984.0,6719.36,0.0
633,633,1889,2022-05-25 07:27:53,2,4.0,168109.0,6724.36,0.0
634,634,1890,2022-05-25 07:28:19,3,6.0,168759.0,6750.36,0.0
635,635,1891,2022-05-25 07:28:45,3,16.0,169229.0,6769.16,0.0
636,636,1892,2022-05-25 07:29:27,3,5.0,169960.0,6798.4,0.0
637,637,1893,2022-05-25 07:29:31,3,15.0,170060.0,6802.4,0.0
638,638,1894,2022-05-25 07:29:32,3,4.0,170085.0,6803.4,0.0
639,639,1895,2022-05-25 07:29:53,3,14.0,170329.0,6813.16,0.0
640,640,1896,2022-05-25 07:29:55,3,4.0,170379.0,6815.16,0.0
641,641,1897,2022-05-25 07:31:21,3,14.0,170590.0,6823.6,0.0
642,642,1898,2022-05-25 07:31:36,3,5.0,170965.0,6838.6,0.0
643,643,1899,2022-05-25 07:31:41,0,15.0,171090.0,6843.6,0.0
644,644,1900,2022-05-25 07:31:49,0,4.0,0.0,0.0,0.0
645,645,1901,2022-05-25 07:51:52,0,14.0,171484.0,6859.36,0.0
646,646,1902,2022-05-25 07:51:56,0,5.0,171584.0,6863.36,0.0
647,647,1903,2022-05-25 07:56:28,4,15.0,171864.0,6874.56,0.0
648,648,1904,2022-05-25 07:56:31,4,4.0,171939.0,6877.56,0.0
649,649,1905,2022-05-25 07:57:36,6,15.0,172144.0,6885.76,0.0
650,650,1906,2022-05-25 07:57:57,6,5.0,172670.0,6906.8,0.0
651,651,1907,2022-05-25 08:02:30,4,14.0,172694.0,6907.76,0.0
652,652,1908,2022-05-25 08:02:48,6,15.0,173145.0,6925.8,0.0
653,653,1909,2022-05-25 08:02:49,6,4.0,173170.0,6926.8,0.0
654,654,1910,2022-05-25 08:02:53,4,6.0,173270.0,6930.8,0.0
655,655,1911,2022-05-25 08:04:22,6,14.0,173694.0,6947.76,0.0
656,656,1912,2022-05-25 08:04:23,6,5.0,173719.0,6948.76,0.0
657,657,1913,2022-05-25 08:10:28,4,16.0,173965.0,6958.6,0.0
658,658,1914,2022-05-25 08:10:44,4,1.0,174364.0,6974.56,0.0
659,659,1915,2022-05-25 08:11:30,4,11.0,174914.0,6996.56,0.0
660,660,1916,2022-05-25 08:11:46,4,3.0,175314.0,7012.56,0.0
661,661,1917,2022-05-25 08:12:44,10,15.0,175645.0,7025.8,0.0
662,662,1918,2022-05-25 08:12:46,10,4.0,175695.0,7027.8,0.0
663,663,1919,2022-05-25 08:12:49,4,13.0,175770.0,7030.8,0.0
664,664,1920,2022-05-25 08:13:08,4,5.0,176244.0,7049.76,0.0
665,665,1921,2022-05-25 08:14:00,10,14.0,176464.0,7058.56,0.0
666,666,1922,2022-05-25 08:14:09,2,14.0,176689.0,7067.56,0.0
667,667,1923,2022-05-25 08:14:50,2,9.0,177715.0,7108.6,0.0
668,668,1924,2022-05-25 08:14:51,10,9.0,177740.0,7109.6,0.0
669,669,1925,2022-05-25 08:16:23,10,19.0,178419.0,7136.76,0.0
670,670,1926,2022-05-25 08:16:28,2,19.0,178544.0,7141.76,0.0
671,671,1927,2022-05-25 08:16:53,2,2.0,179169.0,7166.76,0.0
672,672,1928,2022-05-25 08:16:53,10,2.0,179169.0,7166.76,0.0
673,673,1929,2022-05-25 08:19:05,2,19.0,180189.0,7207.56,0.0
674,674,1930,2022-05-25 08:19:06,10,19.0,180214.0,7208.56,0.0
675,675,1931,2022-05-25 08:19:53,2,5.0,181390.0,7255.6,0.0
676,676,1932,2022-05-25 08:19:54,10,5.0,181415.0,7256.6,0.0
677,677,1933,2022-05-25 08:29:35,10,15.0,181620.0,7264.8,0.0
678,678,1934,2022-05-25 08:29:36,2,15.0,181645.0,7265.8,0.0
679,679,1935,2022-05-25 08:29:47,2,4.0,181920.0,7276.8,0.0
680,680,1936,2022-05-25 08:29:48,10,4.0,181945.0,7277.8,0.0
681,681,1937,2022-05-25 08:32:59,10,14.0,182239.0,7289.56,0.0
682,682,1938,2022-05-25 08:33:02,10,5.0,182314.0,7292.56,0.0
683,683,1939,2022-05-25 08:33:25,2,14.0,182549.0,7301.96,0.0
684,684,1940,2022-05-25 08:41:56,0,15.0,182884.0,7315.36,0.0
685,685,1941,2022-05-25 08:41:57,0,4.0,182909.0,7316.36,0.0
686,686,1942,2022-05-25 08:45:28,0,5.0,183144.0,7325.76,0.0
687,687,1943,2022-05-25 08:52:03,2,14.0,183499.0,7339.96,0.0
688,688,1944,2022-05-25 08:52:04,2,5.0,183524.0,7340.96,0.0
689,689,1945,2022-05-25 08:57:47,2,15.0,184019.0,7360.76,0.0
690,690,1946,2022-05-25 08:58:34,2,4.0,185175.0,7407.0,0.0
691,691,1947,2022-05-25 08:58:59,2,14.0,185399.0,7415.96,0.0
692,692,1948,2022-05-25 08:59:01,2,5.0,185449.0,7417.96,0.0
693,693,1949,2022-05-25 09:01:23,2,15.0,185679.0,7427.16,0.0
694,694,1950,2022-05-25 09:01:25,2,4.0,185729.0,7429.16,0.0
695,695,1951,2022-05-25 09:01:41,2,14.0,185989.0,7439.56,0.0
696,696,1952,2022-05-25 09:01:48,2,3.0,186164.0,7446.56,0.0
697,697,1953,2022-05-25 09:02:53,2,13.0,186670.0,7466.8,0.0
698,698,1954,2022-05-25 09:03:01,2,4.0,186870.0,7474.8,0.0
699,699,1955,2022-05-25 09:11:36,6,15.0,187044.0,7481.76,0.0
700,700,1956,2022-05-25 09:11:39,6,4.0,187119.0,7484.76,0.0
701,701,1957,2022-05-25 09:26:51,6,14.0,187320.0,7492.8,0.0
702,702,1958,2022-05-25 09:26:53,6,5.0,187370.0,7494.8,0.0
703,703,1959,2022-05-25 09:34:00,6,15.0,187564.0,7502.56,0.0
704,704,1960,2022-05-25 09:34:04,6,4.0,187665.0,7506.6,0.0
705,705,1961,2022-05-25 09:42:05,6,14.0,187890.0,7515.6,0.0
706,706,1962,2022-05-25 09:42:24,10,15.0,188364.0,7534.56,0.0
707,707,1963,2022-05-25 09:42:24,2,14.0,188364.0,7534.56,0.0
708,708,1964,2022-05-25 09:43:08,2,4.0,189464.0,7578.56,0.0
709,709,1965,2022-05-25 09:43:29,2,14.0,189989.0,7599.56,0.0
710,710,1966,2022-05-25 09:43:48,2,2.0,190465.0,7618.6,0.0
711,711,1967,2022-05-25 09:43:49,6,2.0,190490.0,7619.6,0.0
712,712,1968,2022-05-25 09:46:25,6,12.0,191130.0,7645.2,0.0
713,713,1969,2022-05-25 09:46:32,2,12.0,191305.0,7652.2,0.0
714,714,1970,2022-05-25 09:47:28,2,4.0,192344.0,7693.76,0.0
715,715,1971,2022-05-25 09:47:29,6,4.0,192369.0,7694.76,0.0
716,716,1972,2022-05-25 09:47:30,10,4.0,192394.0,7695.76,0.0
717,717,1973,2022-05-25 09:47:35,10,14.0,192519.0,7700.76,0.0
718,718,1974,2022-05-25 09:47:50,10,4.0,192874.0,7714.96,0.0
719,719,1975,2022-05-25 09:47:49,6,14.0,192849.0,7713.96,0.0
720,720,1976,2022-05-25 09:47:50,6,5.0,192874.0,7714.96,0.0
721,721,1977,2022-05-25 09:48:11,10,14.0,193081.0,7723.24,0.0
722,722,1978,2022-05-25 09:48:18,10,4.0,193234.0,7729.36,0.0
723,723,1979,2022-05-25 10:02:08,10,14.0,193424.0,7736.96,0.0
724,724,1980,2022-05-25 10:02:12,10,5.0,193524.0,7740.96,0.0
725,725,1981,2022-05-25 10:25:44,3,15.0,193804.0,7752.16,0.0
726,726,1982,2022-05-25 10:25:53,3,6.0,194029.0,7761.16,0.0
727,727,1983,2022-05-25 10:26:30,3,16.0,194314.0,7772.56,0.0
728,728,1984,2022-05-25 10:26:38,6,15.0,194514.0,7780.56,0.0
729,729,1985,2022-05-25 10:26:44,6,4.0,194664.0,7786.56,0.0
730,730,1986,2022-05-25 10:26:55,6,14.0,194939.0,7797.56,0.0
731,731,1987,2022-05-25 10:27:01,3,2.0,195090.0,7803.6,0.0
732,732,1988,2022-05-25 10:27:01,6,5.0,195090.0,7803.6,0.0
733,733,1989,2022-05-25 10:27:22,3,12.0,195615.0,7824.6,0.0
734,734,1990,2022-05-25 10:27:32,3,6.0,195865.0,7834.6,0.0
735,735,1991,2022-05-25 10:27:57,3,16.0,196489.0,7859.56,0.0
736,736,1992,2022-05-25 10:28:05,3,4.0,196689.0,7867.56,0.0
737,737,1993,2022-05-25 10:28:10,10,15.0,196814.0,7872.56,0.0
738,738,1994,2022-05-25 10:28:26,10,5.0,197214.0,7888.56,0.0
739,739,1995,2022-05-25 10:28:26,3,14.0,197214.0,7888.56,0.0
740,740,1996,2022-05-25 10:28:31,3,5.0,197339.0,7893.56,0.0
741,741,1997,2022-05-25 10:29:47,6,15.0,197580.0,7903.2,0.0
742,742,1998,2022-05-25 10:29:49,6,4.0,197630.0,7905.2,0.0
743,743,1999,2022-05-25 10:29:52,6,14.0,197705.0,7908.2,0.0
744,744,2000,2022-05-25 10:29:58,6,5.0,197855.0,7914.2,0.0
745,745,2001,2022-05-25 10:34:20,3,15.0,198045.0,7921.8,0.0
746,746,2002,2022-05-25 10:34:28,3,3.0,198245.0,7929.8,0.0
747,747,2003,2022-05-25 10:35:22,10,15.0,198514.0,7940.56,0.0
748,748,2004,2022-05-25 10:35:29,10,5.0,198689.0,7947.56,0.0
749,749,2005,2022-05-25 10:35:29,3,13.0,198689.0,7947.56,0.0
750,750,2006,2022-05-25 10:35:40,3,4.0,198964.0,7958.56,0.0
751,751,2007,2022-05-25 10:36:08,3,14.0,199204.0,7968.16,0.0
752,752,2008,2022-05-25 10:36:20,3,2.0,199504.0,7980.16,0.0
753,753,2009,2022-05-25 10:37:19,10,15.0,0.0,0.0,0.0
754,754,2010,2022-05-25 10:37:22,10,4.0,0.0,0.0,0.0
755,755,2011,2022-05-25 10:38:46,10,14.0,200114.0,8004.56,0.0
756,756,2012,2022-05-25 10:38:52,10,2.0,200264.0,8010.56,0.0
757,757,2013,2022-05-25 10:39:05,10,12.0,200530.0,8021.2,0.0
758,758,2014,2022-05-25 10:39:20,10,5.0,200905.0,8036.2,0.0
759,759,2015,2022-05-25 10:43:49,2,14.0,201090.0,8043.6,0.0
760,760,2016,2022-05-25 10:43:55,2,4.0,201240.0,8049.6,0.0
761,761,2017,2022-05-25 10:44:32,6,15.0,201585.0,8063.4,0.0
762,762,2018,2022-05-25 10:43:36,6,4.0,0.0,0.0,0.0
763,763,2019,2022-05-25 10:48:16,6,14.0,201884.0,8075.36,0.0
764,764,2020,2022-05-25 10:48:18,6,5.0,201934.0,8077.36,0.0
765,765,2021,2022-05-25 11:00:01,6,15.0,202169.0,8086.76,0.0
766,766,2022,2022-05-25 11:00:03,6,4.0,202219.0,8088.76,0.0
767,767,2023,2022-05-25 11:01:58,6,14.0,202474.0,8098.96,0.0
768,768,2024,2022-05-25 11:02:14,6,3.0,202874.0,8114.96,0.0
769,769,2025,2022-05-25 11:03:13,6,13.0,203210.0,8128.4,0.0
770,770,2026,2022-05-25 11:03:23,6,2.0,203460.0,8138.4,0.0
771,771,2027,2022-05-25 11:03:39,6,12.0,203700.0,8148.0,0.0
772,772,2028,2022-05-25 11:03:40,3,12.0,203725.0,8149.0,0.0
773,773,2029,2022-05-25 11:03:56,3,5.0,204125.0,8165.0,0.0
774,774,2030,2022-05-25 11:04:00,6,5.0,204224.0,8168.96,0.0
775,775,2031,2022-05-25 11:08:07,2,14.0,204340.0,8173.6,0.0
776,776,2032,2022-05-25 11:08:14,2,3.0,204515.0,8180.6,0.0
777,777,2033,2022-05-25 11:08:54,2,13.0,204894.0,8195.76,0.0
778,778,2034,2022-05-25 11:09:03,2,4.0,205119.0,8204.76,0.0
779,779,2035,2022-05-25 11:09:35,2,14.0,205259.0,8210.36,0.0
780,780,2036,2022-05-25 11:09:43,2,5.0,205459.0,8218.36,0.0
781,781,2037,2022-05-25 11:12:13,2,15.0,205689.0,8227.56,0.0
782,782,2038,2022-05-25 11:12:22,2,4.0,205914.0,8236.56,0.0
783,783,2039,2022-05-25 11:12:41,2,14.0,205989.0,8239.56,0.0
784,784,2040,2022-05-25 11:12:59,2,9.0,206440.0,8257.6,0.0
785,785,2041,2022-05-25 11:13:27,2,19.0,206980.0,8279.2,0.0
786,786,2042,2022-05-25 11:13:59,2,5.0,207779.0,8311.16,0.0
787,787,2043,2022-05-25 11:19:42,3,15.0,207854.0,8314.16,0.0
788,788,2044,2022-05-25 11:19:55,3,2.0,208179.0,8327.16,0.0
789,789,2045,2022-05-25 11:31:06,2,15.0,208434.0,8337.36,0.0
790,790,2046,2022-05-25 11:31:35,2,4.0,208959.0,8358.36,0.0
791,791,2047,2022-05-25 11:38:06,3,12.0,209114.0,8364.56,0.0
792,792,2048,2022-05-25 11:38:19,3,5.0,209439.0,8377.56,0.0
793,793,2049,2022-05-25 11:38:27,3,15.0,209579.0,8383.16,0.0
794,794,2050,2022-05-25 11:38:30,3,4.0,209654.0,8386.16,0.0
795,795,2051,2022-05-25 11:38:37,3,14.0,209829.0,8393.16,0.0
796,796,2052,2022-05-25 11:38:56,3,2.0,210304.0,8412.16,0.0
797,797,2053,2022-05-25 11:40:43,5,15.0,210479.0,8419.16,0.0
798,798,2054,2022-05-25 11:40:46,5,4.0,210554.0,8422.16,0.0
799,799,2055,2022-05-25 11:43:40,5,14.0,210784.0,8431.36,0.0
800,800,2056,2022-05-25 11:43:48,5,2.0,210984.0,8439.36,0.0
801,801,2057,2022-05-25 11:46:14,3,12.0,211454.0,8458.16,0.0
802,802,2058,2022-05-25 11:46:25,3,4.0,211729.0,8469.16,0.0
803,803,2059,2022-05-25 11:46:30,3,14.0,211855.0,8474.2,0.0
804,804,2060,2022-05-25 11:46:34,3,5.0,211955.0,8478.2,0.0
805,805,2061,2022-05-25 11:52:25,3,15.0,212169.0,8486.76,0.0
806,806,2062,2022-05-25 11:52:34,3,2.0,212394.0,8495.76,0.0
807,807,2063,2022-05-25 11:55:43,3,12.0,212639.0,8505.56,0.0
808,808,2064,2022-05-25 11:55:53,3,5.0,212889.0,8515.56,0.0
809,809,2065,2022-05-25 12:02:00,3,15.0,213144.0,8525.76,0.0
810,810,2066,2022-05-25 12:02:10,3,2.0,213394.0,8535.76,0.0
811,811,2067,2022-05-25 12:13:01,3,12.0,213670.0,8546.8,0.0
812,812,2068,2022-05-25 12:13:01,5,12.0,213670.0,8546.8,0.0
813,813,2069,2022-05-25 12:13:18,3,5.0,214095.0,8563.8,0.0
814,814,2070,2022-05-25 12:13:19,5,5.0,214120.0,8564.8,0.0
815,815,2071,2022-05-25 12:13:38,10,15.0,214355.0,8574.2,0.0
816,816,2072,2022-05-25 12:13:42,10,4.0,214455.0,8578.2,0.0
817,817,2073,2022-05-25 12:18:28,3,15.0,214625.0,8585.0,0.0
818,818,2074,2022-05-25 12:18:38,3,3.0,214874.0,8594.96,0.0
819,819,2075,2022-05-25 12:19:39,3,13.0,215119.0,8604.76,0.0
820,820,2076,2022-05-25 12:19:46,5,15.0,215294.0,8611.76,0.0
821,821,2077,2022-05-25 12:19:47,3,2.0,215319.0,8612.76,0.0
822,822,2078,2022-05-25 12:19:49,5,4.0,215369.0,8614.76,0.0
823,823,2079,2022-05-25 12:21:52,6,15.0,215584.0,8623.36,0.0
824,824,2080,2022-05-25 12:22:03,6,3.0,215859.0,8634.36,0.0
825,825,2081,2022-05-25 12:23:15,6,13.0,216120.0,8644.8,0.0
826,826,2082,2022-05-25 12:23:27,6,5.0,216419.0,8656.76,0.0
827,827,2083,2022-05-25 12:38:39,3,12.0,216679.0,8667.16,0.0
828,828,2084,2022-05-25 12:38:52,3,5.0,217004.0,8680.16,0.0
829,829,2085,2022-05-25 12:40:06,3,15.0,217255.0,8690.2,0.0
830,830,2086,2022-05-25 12:40:16,3,2.0,217505.0,8700.2,0.0
831,831,2087,2022-05-25 12:41:19,3,12.0,217739.0,8709.56,0.0
832,832,2088,2022-05-25 12:41:31,3,5.0,218039.0,8721.56,0.0
833,833,2089,2022-05-25 12:49:39,5,14.0,218260.0,8730.4,0.0
834,834,2090,2022-05-25 12:49:49,5,2.0,218510.0,8740.4,0.0
835,835,2091,2022-05-25 12:50:32,2,14.0,218804.0,8752.16,0.0
836,836,2092,2022-05-25 12:50:34,2,5.0,218854.0,8754.16,0.0
837,837,2093,2022-05-25 12:54:31,2,15.0,219060.0,8762.4,0.0
838,838,2094,2022-05-25 12:54:34,2,4.0,219135.0,8765.4,0.0
839,839,2095,2022-05-25 12:55:00,5,12.0,219384.0,8775.36,0.0
840,840,2096,2022-05-25 12:55:07,2,14.0,219559.0,8782.36,0.0
841,841,2097,2022-05-25 12:55:09,2,5.0,219609.0,8784.36,0.0
842,842,2098,2022-05-25 12:55:13,5,4.0,219709.0,8788.36,0.0
843,843,2099,2022-05-25 12:55:42,5,14.0,219954.0,8798.16,0.0
844,844,2100,2022-05-25 12:55:45,5,5.0,220029.0,8801.16,0.0
845,845,2101,2022-05-25 13:07:40,2,15.0,220304.0,8812.16,0.0
846,846,2102,2022-05-25 13:07:55,2,4.0,220679.0,8827.16,0.0
847,847,2103,2022-05-25 13:12:32,2,14.0,220904.0,8836.16,0.0
848,848,2104,2022-05-25 13:12:35,2,5.0,220979.0,8839.16,0.0
849,849,2105,2022-05-25 13:12:46,6,15.0,221194.0,8847.76,0.0
850,850,2106,2022-05-25 13:12:56,6,3.0,221444.0,8857.76,0.0
851,851,2107,2022-05-25 13:13:46,6,13.0,221775.0,8871.0,0.0
852,852,2108,2022-05-25 13:13:58,6,5.0,222075.0,8883.0,0.0
853,853,2109,2022-05-25 13:15:10,3,15.0,222274.0,8890.96,0.0
854,854,2110,2022-05-25 13:15:24,3,2.0,222624.0,8904.96,0.0
855,855,2111,2022-05-25 13:16:00,2,15.0,222865.0,8914.6,0.0
856,856,2112,2022-05-25 13:16:03,2,4.0,222940.0,8917.6,0.0
857,857,2113,2022-05-25 13:16:48,2,14.0,223124.0,8924.96,0.0
858,858,2114,2022-05-25 13:16:50,2,5.0,223174.0,8926.96,0.0
859,859,2115,2022-05-25 13:17:04,3,12.0,223424.0,8936.96,0.0
860,860,2116,2022-05-25 13:17:16,3,5.0,223724.0,8948.96,0.0
861,861,2117,2022-05-25 13:18:32,5,15.0,223985.0,8959.4,0.0
862,862,2118,2022-05-25 13:18:35,5,4.0,224060.0,8962.4,0.0
863,863,2119,2022-05-25 13:18:54,5,14.0,224274.0,8970.96,0.0
864,864,2120,2022-05-25 13:19:19,5,2.0,224899.0,8995.96,0.0
865,865,2121,2022-05-25 13:21:22,5,12.0,225154.0,9006.16,0.0
866,866,2122,2022-05-25 13:21:37,5,4.0,225529.0,9021.16,0.0
867,867,2123,2022-05-25 13:24:59,5,14.0,225739.0,9029.56,0.0
868,868,2124,2022-05-25 13:25:15,5,2.0,226140.0,9045.6,0.0
869,869,2125,2022-05-25 13:31:52,5,12.0,226444.0,9057.76,0.0
870,870,2126,2022-05-25 13:32:07,5,4.0,226819.0,9072.76,0.0
871,871,2127,2022-05-25 13:55:28,4,15.0,227104.0,9084.16,0.0
872,872,2128,2022-05-25 13:55:31,4,4.0,227179.0,9087.16,0.0
873,873,2129,2022-05-25 14:03:26,6,15.0,227394.0,9095.76,0.0
874,874,2130,2022-05-25 14:03:28,6,4.0,227444.0,9097.76,0.0
875,875,2131,2022-05-25 14:09:08,4,14.0,227665.0,9106.6,0.0
876,876,2132,2022-05-25 14:09:17,4,3.0,227890.0,9115.6,0.0
877,877,2133,2022-05-25 14:10:37,4,14.0,228169.0,9126.76,0.0
878,878,2134,2022-05-25 14:10:47,4,4.0,228419.0,9136.76,0.0
879,879,2135,2022-05-25 14:10:59,4,14.0,228600.0,9144.0,0.0
880,880,2136,2022-05-25 14:11:02,4,5.0,228675.0,9147.0,0.0
881,881,2137,2022-05-25 14:11:13,0,15.0,228930.0,9157.2,0.0
882,882,2138,2022-05-25 14:11:14,0,4.0,228955.0,9158.2,0.0
883,883,2139,2022-05-25 14:11:32,5,14.0,229285.0,9171.4,0.0
884,884,2140,2022-05-25 14:11:38,5,4.0,229435.0,9177.4,0.0
885,885,2141,2022-05-25 14:13:15,0,14.0,229719.0,9188.76,0.0
886,886,2142,2022-05-25 14:13:17,0,5.0,229769.0,9190.76,0.0
887,887,2143,2022-05-25 14:13:17,6,14.0,229769.0,9190.76,0.0
888,888,2144,2022-05-25 14:13:21,6,5.0,229870.0,9194.8,0.0
889,889,2145,2022-05-25 14:22:14,5,14.0,230094.0,9203.76,0.0
890,890,2146,2022-05-25 14:22:18,5,5.0,230194.0,9207.76,0.0
891,891,2147,2022-05-25 14:22:20,5,15.0,230244.0,9209.76,0.0
892,892,2148,2022-05-25 14:22:36,5,5.0,230644.0,9225.76,0.0
893,893,2149,2022-05-25 14:23:14,0,15.0,230855.0,9234.2,0.0
894,894,2150,2022-05-25 14:23:26,0,3.0,231155.0,9246.2,0.0
895,895,2151,2022-05-25 14:24:23,0,13.0,231499.0,9259.96,0.0
896,896,2152,2022-05-25 14:24:43,0,4.0,231999.0,9279.96,0.0
897,897,2153,2022-05-25 14:38:12,0,14.0,232245.0,9289.8,0.0
898,898,2154,2022-05-25 14:38:15,0,5.0,232320.0,9292.8,0.0
899,899,2155,2022-05-25 14:40:00,10,15.0,232525.0,9301.0,0.0
900,900,2156,2022-05-25 14:40:02,10,4.0,232575.0,9303.0,0.0
901,901,2157,2022-05-25 14:40:31,10,14.0,233120.0,9324.8,0.0
902,902,2158,2022-05-25 14:40:37,2,14.0,233270.0,9330.8,0.0
903,903,2159,2022-05-25 14:41:00,2,2.0,233844.0,9353.76,0.0
904,904,2160,2022-05-25 14:41:01,10,2.0,233869.0,9354.76,0.0
905,905,2161,2022-05-25 14:41:53,10,12.0,234089.0,9363.56,0.0
906,906,2162,2022-05-25 14:41:56,2,12.0,234164.0,9366.56,0.0
907,907,2163,2022-05-25 14:42:06,10,5.0,234414.0,9376.56,0.0
908,908,2164,2022-05-25 14:42:37,5,15.0,235010.0,9400.4,0.0
909,909,2165,2022-05-25 14:42:56,5,2.0,235485.0,9419.4,0.0
910,910,2166,2022-05-25 14:43:17,2,2.0,235869.0,9434.76,0.0
911,911,2167,2022-05-25 14:45:42,2,12.0,236354.0,9454.16,0.0
912,912,2168,2022-05-25 14:45:56,2,5.0,236704.0,9468.16,0.0
913,913,2169,2022-05-25 14:47:10,2,15.0,236915.0,9476.6,0.0
914,914,2170,2022-05-25 14:47:24,2,2.0,237265.0,9490.6,0.0
915,915,2171,2022-05-25 14:47:59,2,12.0,237459.0,9498.36,0.0
916,916,2172,2022-05-25 14:48:13,2,3.0,237809.0,9512.36,0.0
917,917,2173,2022-05-25 14:48:23,5,12.0,238059.0,9522.36,0.0
918,918,2174,2022-05-25 14:49:01,5,5.0,239009.0,9560.36,0.0
919,919,2175,2022-05-25 14:49:14,5,15.0,239254.0,9570.16,0.0
920,920,2176,2022-05-25 14:49:36,2,13.0,239805.0,9592.2,0.0
921,921,2177,2022-05-25 14:50:12,2,4.0,240205.0,9608.2,0.0
922,922,2178,2022-05-25 14:50:27,5,4.0,240579.0,9623.16,0.0
923,923,2179,2022-05-25 14:50:30,10,15.0,240654.0,9626.16,0.0
924,924,2180,2022-05-25 14:50:32,10,4.0,240704.0,9628.16,0.0
925,925,2181,2022-05-25 14:52:46,10,14.0,240814.0,9632.56,0.0
926,926,2182,2022-05-25 14:52:47,2,14.0,240839.0,9633.56,0.0
927,927,2183,2022-05-25 14:52:50,10,5.0,240914.0,9636.56,0.0
928,928,2184,2022-05-25 14:52:57,2,3.0,241089.0,9643.56,0.0
929,929,2185,2022-05-25 14:53:17,2,13.0,241589.0,9663.56,0.0
930,930,2186,2022-05-25 14:53:23,2,4.0,241739.0,9669.56,0.0
931,931,2187,2022-05-25 14:55:37,10,15.0,241969.0,9678.76,0.0
932,932,2188,2022-05-25 14:55:40,10,4.0,242044.0,9681.76,0.0
933,933,2189,2022-05-25 15:03:15,11,15.0,242241.0,9689.64,0.0
934,934,2190,2022-05-25 15:03:16,11,15.0,242264.0,9690.56,0.0
935,935,2191,2022-05-25 15:03:20,11,4.0,242364.0,9694.56,0.0
936,936,2192,2022-05-25 15:03:21,11,4.0,242389.0,9695.56,0.0
937,937,2193,2022-05-25 15:03:25,11,14.0,242489.0,9699.56,0.0
938,938,2194,2022-05-25 15:03:25,11,14.0,242489.0,9699.56,0.0
939,939,2195,2022-05-25 15:03:27,5,14.0,242539.0,9701.56,0.0
940,940,2196,2022-05-25 15:03:46,11,2.0,243039.0,9721.56,0.0
941,941,2197,2022-05-25 15:03:46,11,2.0,243039.0,9721.56,0.0
942,942,2198,2022-05-25 15:03:46,5,2.0,243039.0,9721.56,0.0
943,943,2199,2022-05-25 15:05:23,3,14.0,243479.0,9739.16,0.0
944,944,2200,2022-05-25 15:05:25,3,5.0,243529.0,9741.16,0.0
945,945,2201,2022-05-25 15:09:46,3,15.0,0.0,0.0,0.0
946,946,2202,2022-05-25 15:09:51,3,4.0,243779.0,9751.16,0.0
947,947,2203,2022-05-25 15:10:10,3,14.0,244054.0,9762.16,0.0
948,948,2204,2022-05-25 15:10:12,3,5.0,244104.0,9764.16,0.0
949,949,2205,2022-05-25 15:11:57,3,15.0,244330.0,9773.2,0.0
950,950,2206,2022-05-25 15:11:59,3,4.0,244380.0,9775.2,0.0
951,951,2207,2022-05-25 15:12:04,3,14.0,244504.0,9780.16,0.0
952,952,2208,2022-05-25 15:12:07,3,4.0,244579.0,9783.16,0.0
953,953,2209,2022-05-25 15:12:58,3,14.0,244814.0,9792.56,0.0
954,954,2210,2022-05-25 15:13:20,3,4.0,245364.0,9814.56,0.0
955,955,2211,2022-05-25 15:13:47,3,14.0,245600.0,9824.0,0.0
956,956,2212,2022-05-25 15:13:56,6,15.0,245825.0,9833.0,0.0
957,957,2213,2022-05-25 15:13:58,6,4.0,245875.0,9835.0,0.0
958,958,2214,2022-05-25 15:14:05,3,2.0,246050.0,9842.0,0.0
959,959,2215,2022-05-25 15:14:42,3,12.0,246354.0,9854.16,0.0
960,960,2216,2022-05-25 15:14:54,3,5.0,246654.0,9866.16,0.0
961,961,2217,2022-05-25 15:18:51,2,15.0,246800.0,9872.0,0.0
962,962,2218,2022-05-25 15:18:54,2,4.0,246875.0,9875.0,0.0
963,963,2219,2022-05-25 15:21:58,2,14.0,247134.0,9885.36,0.0
964,964,2220,2022-05-25 15:22:09,2,2.0,247409.0,9896.36,0.0
965,965,2221,2022-05-25 15:22:34,5,12.0,247714.0,9908.56,0.0
966,966,2222,2022-05-25 15:22:38,2,12.0,247814.0,9912.56,0.0
967,967,2223,2022-05-25 15:22:49,5,5.0,248089.0,9923.56,0.0
968,968,2224,2022-05-25 15:22:52,2,4.0,248164.0,9926.56,0.0
969,969,2225,2022-05-25 15:24:22,5,15.0,248374.0,9934.96,0.0
970,970,2226,2022-05-25 15:24:25,5,4.0,248449.0,9937.96,0.0
971,971,2227,2022-05-25 15:24:55,5,14.0,248699.0,9947.96,0.0
972,972,2228,2022-05-25 15:25:07,5,2.0,248999.0,9959.96,0.0
973,973,2229,2022-05-25 15:26:24,3,15.0,249205.0,9968.2,0.0
974,974,2230,2022-05-25 15:26:27,3,4.0,249279.0,9971.16,0.0
975,975,2231,2022-05-25 15:26:33,3,14.0,249429.0,9977.16,0.0
976,976,2232,2022-05-25 15:26:34,3,2.0,249454.0,9978.16,0.0
977,977,2233,2022-05-25 15:26:49,5,12.0,249829.0,9993.16,0.0
978,978,2234,2022-05-25 15:27:04,5,4.0,250204.0,10008.16,0.0
979,979,2235,2022-05-25 15:27:10,5,14.0,250354.0,10014.16,0.0
980,980,2236,2022-05-25 15:27:13,5,5.0,250429.0,10017.16,0.0
981,981,2237,2022-05-25 15:28:14,3,12.0,250675.0,10027.0,0.0
982,982,2238,2022-05-25 15:28:26,3,5.0,250975.0,10039.0,0.0
983,983,2239,2022-05-25 15:28:39,3,15.0,251140.0,10045.6,0.0
984,984,2240,2022-05-25 15:28:42,3,4.0,251215.0,10048.6,0.0
985,985,2241,2022-05-25 15:30:17,5,15.0,251489.0,10059.56,0.0
986,986,2242,2022-05-25 15:30:56,5,2.0,252385.0,10095.4,0.0
987,987,2243,2022-05-25 15:31:20,11,12.0,252904.0,10116.16,0.0
988,988,2244,2022-05-25 15:31:20,11,12.0,252904.0,10116.16,0.0
989,989,2245,2022-05-25 15:31:35,11,4.0,253279.0,10131.16,0.0
990,990,2246,2022-05-25 15:31:41,11,14.0,253429.0,10137.16,0.0
991,991,2247,2022-05-25 15:31:52,2,14.0,253704.0,10148.16,0.0
992,992,2248,2022-05-25 15:32:03,5,12.0,253919.0,10156.76,0.0
993,993,2249,2022-05-25 15:32:04,6,14.0,253944.0,10157.76,0.0
994,994,2250,2022-05-25 15:33:00,5,4.0,254985.0,10199.4,0.0
995,995,2251,2022-05-25 15:33:01,6,5.0,255010.0,10200.4,0.0
996,996,2252,2022-05-25 15:33:02,11,5.0,255035.0,10201.4,0.0
997,997,2253,2022-05-25 15:33:03,11,5.0,255060.0,10202.4,0.0
998,998,2254,2022-05-25 15:33:04,2,4.0,255085.0,10203.4,0.0
999,999,2255,2022-05-25 15:33:22,5,14.0,255535.0,10221.4,0.0
1000,1000,2256,2022-05-25 15:33:25,5,5.0,255610.0,10224.4,0.0
1001,1001,2257,2022-05-25 15:36:26,5,15.0,255794.0,10231.76,0.0
1002,1002,2258,2022-05-25 15:36:30,5,4.0,255894.0,10235.76,0.0
1003,1003,2259,2022-05-25 15:36:31,11,15.0,255919.0,10236.76,0.0
1004,1004,2260,2022-05-25 15:36:33,11,15.0,255969.0,10238.76,0.0
1005,1005,2261,2022-05-25 15:36:40,11,4.0,256144.0,10245.76,0.0
1006,1006,2262,2022-05-25 15:36:40,11,4.0,256144.0,10245.76,0.0
1007,1007,2263,2022-05-25 15:36:50,6,15.0,256314.0,10252.56,0.0
1008,1008,2264,2022-05-25 15:36:52,6,4.0,256364.0,10254.56,0.0
1009,1009,2265,2022-05-25 15:37:50,11,14.0,256635.0,10265.4,0.0
1010,1010,2266,2022-05-25 15:37:50,11,14.0,256635.0,10265.4,0.0
1011,1011,2267,2022-05-25 15:38:29,11,2.0,257609.0,10304.36,0.0
1012,1012,2268,2022-05-25 15:38:35,11,12.0,257759.0,10310.36,0.0
1013,1013,2269,2022-05-25 15:39:26,11,4.0,258594.0,10343.76,0.0
1014,1014,2270,2022-05-25 15:39:28,11,4.0,258644.0,10345.76,0.0
1015,1015,2271,2022-05-25 15:39:35,11,14.0,258819.0,10352.76,0.0
1016,1016,2272,2022-05-25 15:39:35,11,14.0,258819.0,10352.76,0.0
1017,1017,2273,2022-05-25 15:39:37,2,14.0,258869.0,10354.76,0.0
1018,1018,2274,2022-05-25 15:40:04,2,4.0,259105.0,10364.2,0.0
1019,1019,2275,2022-05-25 15:40:07,11,4.0,259180.0,10367.2,0.0
1020,1020,2276,2022-05-25 15:40:08,11,4.0,259205.0,10368.2,0.0
1021,1021,2277,2022-05-25 15:40:29,11,14.0,259470.0,10378.8,0.0
1022,1022,2278,2022-05-25 15:40:29,11,14.0,259470.0,10378.8,0.0
1023,1023,2279,2022-05-25 15:40:32,5,14.0,259545.0,10381.8,0.0
1024,1024,2280,2022-05-25 15:40:36,5,4.0,259645.0,10385.8,0.0
1025,1025,2281,2022-05-25 15:40:54,5,14.0,260094.0,10403.76,0.0
1026,1026,2282,2022-05-25 15:41:21,5,2.0,260769.0,10430.76,0.0
1027,1027,2283,2022-05-25 15:41:25,11,9.0,260869.0,10434.76,0.0
1028,1028,2284,2022-05-25 15:41:25,11,9.0,260869.0,10434.76,0.0
1029,1029,2285,2022-05-25 15:41:37,5,12.0,261169.0,10446.76,0.0
1030,1030,2286,2022-05-25 15:41:44,5,9.0,261344.0,10453.76,0.0
1031,1031,2287,2022-05-25 15:44:09,5,19.0,261449.0,10457.96,0.0
1032,1032,2288,2022-05-25 15:44:29,5,4.0,261949.0,10477.96,0.0
1033,1033,2289,2022-05-25 15:44:43,11,19.0,262259.0,10490.36,0.0
1034,1034,2290,2022-05-25 15:44:46,11,19.0,262334.0,10493.36,0.0
1035,1035,2291,2022-05-25 15:44:51,11,9.0,262460.0,10498.4,0.0
1036,1036,2292,2022-05-25 15:44:56,5,14.0,262585.0,10503.4,0.0
1037,1037,2293,2022-05-25 15:44:57,11,9.0,262610.0,10504.4,0.0
1038,1038,2294,2022-05-25 15:45:01,11,19.0,262710.0,10508.4,0.0
1039,1039,2295,2022-05-25 15:45:06,11,9.0,262835.0,10513.4,0.0
1040,1040,2296,2022-05-25 15:45:10,11,19.0,262935.0,10517.4,0.0
1041,1041,2297,2022-05-25 15:45:10,11,19.0,262935.0,10517.4,0.0
1042,1042,2298,2022-05-25 15:45:13,3,15.0,263010.0,10520.4,0.0
1043,1043,2299,2022-05-25 15:45:19,5,4.0,263160.0,10526.4,0.0
1044,1044,2300,2022-05-25 15:45:24,3,2.0,263285.0,10531.4,0.0
1045,1045,2301,2022-05-25 15:45:25,11,4.0,263310.0,10532.4,0.0
1046,1046,2302,2022-05-25 15:45:28,11,3.0,263385.0,10535.4,0.0
1047,1047,2303,2022-05-25 15:45:34,11,14.0,263535.0,10541.4,0.0
1048,1048,2304,2022-05-25 15:45:38,11,3.0,263635.0,10545.4,0.0
1049,1049,2305,2022-05-25 15:45:38,3,12.0,263635.0,10545.4,0.0
1050,1050,2306,2022-05-25 15:45:40,10,15.0,263685.0,10547.4,0.0
1051,1051,2307,2022-05-25 15:45:43,10,4.0,263759.0,10550.36,0.0
1052,1052,2308,2022-05-25 15:45:46,3,3.0,263834.0,10553.36,0.0
1053,1053,2309,2022-05-25 15:45:59,3,13.0,264159.0,10566.36,0.0
1054,1054,2310,2022-05-25 15:46:18,3,3.0,264634.0,10585.36,0.0
1055,1055,2311,2022-05-25 15:46:30,3,12.0,264914.0,10596.56,0.0
1056,1056,2312,2022-05-25 15:46:42,3,5.0,265214.0,10608.56,0.0
1057,1057,2313,2022-05-25 15:47:56,11,13.0,265485.0,10619.4,0.0
1058,1058,2314,2022-05-25 15:48:04,11,8.0,265685.0,10627.4,0.0
1059,1059,2315,2022-05-25 15:48:09,11,13.0,265809.0,10632.36,0.0
1060,1060,2316,2022-05-25 15:48:15,11,8.0,265959.0,10638.36,0.0
1061,1061,2317,2022-05-25 15:49:45,6,14.0,266590.0,10663.6,0.0
1062,1062,2318,2022-05-25 15:49:52,6,3.0,266765.0,10670.6,0.0
1063,1063,2319,2022-05-25 15:50:05,5,14.0,267050.0,10682.0,0.0
1064,1064,2320,2022-05-25 15:50:07,5,5.0,267100.0,10684.0,0.0
1065,1065,2321,2022-05-25 15:50:48,6,13.0,267364.0,10694.56,0.0
1066,1066,2322,2022-05-25 15:50:55,6,12.0,267539.0,10701.56,0.0
1067,1067,2323,2022-05-25 15:50:59,2,15.0,267639.0,10705.56,0.0
1068,1068,2324,2022-05-25 15:51:04,6,12.0,267764.0,10710.56,0.0
1069,1069,2325,2022-05-25 15:51:07,3,5.0,267839.0,10713.56,0.0
1070,1070,2326,2022-05-25 15:51:10,3,4.0,267914.0,10716.56,0.0
1071,1071,2327,2022-05-25 15:51:24,6,4.0,268264.0,10730.56,0.0
1072,1072,2328,2022-05-25 15:52:45,3,13.0,268470.0,10738.8,0.0
1073,1073,2329,2022-05-25 15:52:56,3,2.0,268744.0,10749.76,0.0
1074,1074,2330,2022-05-25 15:53:05,3,12.0,268969.0,10758.76,0.0
1075,1075,2331,2022-05-25 15:53:17,3,4.0,269269.0,10770.76,0.0
1076,1076,2332,2022-05-25 15:53:28,3,14.0,269544.0,10781.76,0.0
1077,1077,2333,2022-05-25 15:53:47,3,2.0,270019.0,10800.76,0.0
1078,1078,2334,2022-05-25 15:54.01,10,15.0,0.0,0.0,0.0
1079,1079,2335,2022-05-25 15:54:05,10,4.0,270329.0,10813.16,0.0
1080,1080,2336,2022-05-25 15:54:35,5,14.0,270540.0,10821.6,0.0
1081,1081,2337,2022-05-25 15:54:45,5,4.0,270790.0,10831.6,0.0
1082,1082,2338,2022-05-25 16:06:43,11,18.0,271080.0,10843.2,0.0
1083,1083,2339,2022-05-25 16:07:04,11,4.0,271605.0,10864.2,0.0
1084,1084,2340,2022-05-25 16:07:48,11,14.0,271824.0,10872.96,0.0
1085,1085,2341,2022-05-25 16:08:26,11,8.0,272774.0,10910.96,0.0
1086,1086,2342,2022-05-25 16:09:14,1,14.0,273075.0,10923.0,0.0
1087,1087,2343,2022-05-25 16:09:15,1,15.0,273100.0,10924.0,0.0
1088,1088,2344,2022-05-25 16:10:07,5,14.0,273339.0,10933.56,0.0
1089,1089,2345,2022-05-25 16:10:10,5,5.0,273414.0,10936.56,0.0
1090,1090,2346,2022-05-25 16:14:00,5,15.0,273625.0,10945.0,0.0
1091,1091,2347,2022-05-25 16:14:03,5,4.0,273700.0,10948.0,0.0
1092,1092,2348,2022-05-25 16:15:40,6,14.0,273964.0,10958.56,0.0
1093,1093,2349,2022-05-25 16:15:41,5,14.0,273989.0,10959.56,0.0
1094,1094,2350,2022-05-25 16:15:43,6,5.0,274039.0,10961.56,0.0
1095,1095,2351,2022-05-25 16:15:44,5,5.0,274064.0,10962.56,0.0
1096,1096,2352,2022-05-25 16:15:57,7,14.0,274329.0,10973.16,0.0
1097,1097,2353,2022-05-25 16:16:09,7,2.0,274629.0,10985.16,0.0
1098,1098,2354,2022-05-25 16:16:20,7,12.0,274905.0,10996.2,0.0
1099,1099,2355,2022-05-25 16:16:34,7,4.0,275255.0,11010.2,0.0
1100,1100,2356,2022-05-25 16:20:08,11,18.0,275464.0,11018.56,0.0
1101,1101,2357,2022-05-25 16:20:21,11,3.0,275789.0,11031.56,0.0
1102,1102,2358,2022-05-25 16:20:25,5,15.0,275889.0,11035.56,0.0
1103,1103,2359,2022-05-25 16:20:40,5,2.0,276264.0,11050.56,0.0
1104,1104,2360,2022-05-25 16:21:13,3,12.0,276530.0,11061.2,0.0
1105,1105,2361,2022-05-25 16:21:27,3,5.0,276880.0,11075.2,0.0
1106,1106,2362,2022-05-25 16:21:37,5,12.0,277110.0,11084.4,0.0
1107,1107,2363,2022-05-25 16:21:54,11,13.0,277534.0,11101.36,0.0
1108,1108,2364,2022-05-25 16:22:08,11,8.0,277884.0,11115.36,0.0
1109,1109,2365,2022-05-25 16:22:23,3,15.0,278179.0,11127.16,0.0
1110,1110,2366,2022-05-25 16:22:25,3,4.0,278229.0,11129.16,0.0
1111,1111,2367,2022-05-25 16:22:33,3,14.0,278429.0,11137.16,0.0
1112,1112,2368,2022-05-25 16:22:36,3,5.0,278504.0,11140.16,0.0
1113,1113,2369,2022-05-25 16:22:46,3,15.0,278734.0,11149.36,0.0
1114,1114,2370,2022-05-25 16:22:57,3,2.0,279009.0,11160.36,0.0
1115,1115,2371,2022-05-25 16:23:01,5,4.0,279109.0,11164.36,0.0
1116,1116,2372,2022-05-25 16:23:05,5,14.0,279209.0,11168.36,0.0
1117,1117,2373,2022-05-25 16:23:08,3,12.0,279284.0,11171.36,0.0
1118,1118,2374,2022-05-25 16:23:30,3,5.0,279835.0,11193.4,0.0
1119,1119,2375,2022-05-25 16:23:35,5,4.0,279960.0,11198.4,0.0
1120,1120,2376,2022-05-25 16:23:39,5,14.0,280060.0,11202.4,0.0
1121,1121,2377,2022-05-25 16:23:42,5,5.0,280135.0,11205.4,0.0
1122,1122,2378,2022-05-25 16:25:53,7,14.0,280350.0,11214.0,0.0
1123,1123,2379,2022-05-25 16:26:05,7,2.0,280650.0,11226.0,0.0
1124,1124,2380,2022-05-25 16:26:21,7,12.0,280870.0,11234.8,0.0
1125,1125,2381,2022-05-25 16:26:30,7,3.0,281095.0,11243.8,0.0
1126,1126,2382,2022-05-25 16:26:48,7,13.0,281544.0,11261.76,0.0
1127,1127,2383,2022-05-25 16:26:56,7,4.0,281744.0,11269.76,0.0
1128,1128,2384,2022-05-25 16:27:37,7,14.0,281989.0,11279.56,0.0
1129,1129,2385,2022-05-25 16:27:48,7,3.0,282264.0,11290.56,0.0
1130,1130,2386,2022-05-25 16:28:07,7,13.0,282739.0,11309.56,0.0
1131,1131,2387,2022-05-25 16:28:13,3,4.0,282890.0,11315.6,0.0
1132,1132,2388,2022-05-25 16:29:21,3,15.0,283149.0,11325.96,0.0
1133,1133,2389,2022-05-25 16:29:22,3,4.0,283174.0,11326.96,0.0
1134,1134,2390,2022-05-25 16:29:27,3,14.0,283299.0,11331.96,0.0
1135,1135,2391,2022-05-25 16:29:33,3,6.0,283449.0,11337.96,0.0
1136,1136,2392,2022-05-25 16:30:05,3,16.0,284249.0,11369.96,0.0
1137,1137,2393,2022-05-25 16:30:08,3,3.0,284324.0,11372.96,0.0
1138,1138,2394,2022-05-25 16:30:25,3,13.0,284569.0,11382.76,0.0
1139,1139,2395,2022-05-25 16:30:30,3,6.0,284694.0,11387.76,0.0
1140,1140,2396,2022-05-25 16:31:23,3,16.0,285180.0,11407.2,0.0
1141,1141,2397,2022-05-25 16:31:32,3,2.0,285404.0,11416.16,0.0
1142,1142,2398,2022-05-25 16:36:21,3,12.0,286089.0,11443.56,0.0
1143,1143,2399,2022-05-25 16:36:32,3,6.0,286364.0,11454.56,0.0
1144,1144,2400,2022-05-25 16:38:05,3,16.0,287190.0,11487.6,0.0
1145,1145,2401,2022-05-25 16:38:18,3,2.0,287515.0,11500.6,0.0
1146,1146,2402,2022-05-25 16:39:53,11,18.0,287869.0,11514.76,0.0
1147,1147,2403,2022-05-25 16:39:56,11,18.0,287944.0,11517.76,0.0
1148,1148,2404,2022-05-25 16:40:34,11,4.0,288895.0,11555.8,0.0
1149,1149,2405,2022-05-25 16:40:35,11,4.0,288920.0,11556.8,0.0
1150,1150,2406,2022-05-25 16:40:59,3,12.0,289360.0,11574.4,0.0
1151,1151,2407,2022-05-25 16:40:59,11,14.0,289360.0,11574.4,0.0
1152,1152,2408,2022-05-25 16:41:01,11,14.0,289410.0,11576.4,0.0
1153,1153,2409,2022-05-25 16:41:01,11,5.0,289410.0,11576.4,0.0
1154,1154,2410,2022-05-25 16:41:02,11,5.0,289435.0,11577.4,0.0
1155,1155,2411,2022-05-25 16:41:11,3,4.0,289659.0,11586.36,0.0
1156,1156,2412,2022-05-25 16:41:16,3,14.0,289784.0,11591.36,0.0
1157,1157,2413,2022-05-25 16:41:31,3,2.0,290159.0,11606.36,0.0
1158,1158,2414,2022-05-25 16:43:22,7,14.0,290755.0,11630.2,0.0
1159,1159,2415,2022-05-25 16:43:36,7,8.0,291104.0,11644.16,0.0
1160,1160,2416,2022-05-25 16:44:07,7,18.0,291659.0,11666.36,0.0
1161,1161,2417,2022-05-25 16:44:20,7,2.0,291984.0,11679.36,0.0
1162,1162,2418,2022-05-25 16:44:54,7,12.0,292834.0,11713.36,0.0
1163,1163,2419,2022-05-25 16:45:10,7,4.0,293235.0,11729.4,0.0
1164,1164,2420,2022-05-25 16:45:30,11,15.0,293455.0,11738.2,0.0
1165,1165,2421,2022-05-25 16:45:40,11,15.0,293705.0,11748.2,0.0
1166,1166,2422,2022-05-25 16:45:45,11,4.0,293830.0,11753.2,0.0
1167,1167,2423,2022-05-25 16:45:49,10,14.0,293930.0,11757.2,0.0
1168,1168,2424,2022-05-25 16:45:52,10,15.0,294005.0,11760.2,0.0
1169,1169,2425,2022-05-25 16:45:54,10,4.0,294055.0,11762.2,0.0
1170,1170,2426,2022-05-25 16:46:19,11,8.0,294679.0,11787.16,0.0
1171,1171,2427,2022-05-25 16:46:36,11,8.0,295104.0,11804.16,0.0
1172,1172,2428,2022-05-25 16:46:43,10,15.0,295279.0,11811.16,0.0
1173,1173,2429,2022-05-25 16:46:44,10,8.0,295304.0,11812.16,0.0
1174,1174,2430,2022-05-25 16:46:44,10,4.0,295304.0,11812.16,0.0
1175,1175,2431,2022-05-25 16:46:47,10,14.0,295379.0,11815.16,0.0
1176,1176,2432,2022-05-25 16:46:49,10,5.0,295429.0,11817.16,0.0
1177,1177,2433,2022-05-25 16:46:58,10,18.0,295654.0,11826.16,0.0
1178,1178,2434,2022-05-25 16:47:02,11,18.0,295754.0,11830.16,0.0
1179,1179,2435,2022-05-25 16:47:38,10,4.0,296655.0,11866.2,0.0
1180,1180,2436,2022-05-25 16:47:44,11,14.0,296805.0,11872.2,0.0
1181,1181,2437,2022-05-25 16:47:45,11,5.0,296830.0,11873.2,0.0
1182,1182,2438,2022-05-25 16:48:10,10,5.0,297455.0,11898.2,0.0
1183,1183,2439,2022-05-25 16:48:22,7,14.0,297754.0,11910.16,0.0
1184,1184,2440,2022-05-25 16:48:31,7,5.0,297979.0,11919.16,0.0
1185,1185,2441,2022-05-25 17:07:28,3,12.0,298245.0,11929.8,0.0
1186,1186,2442,2022-05-25 17:07:40,3,6.0,298544.0,11941.76,0.0
1187,1187,2443,2022-05-25 17:08:07,3,16.0,299219.0,11968.76,0.0
1188,1188,2444,2022-05-25 17:08:14,3,5.0,299394.0,11975.76,0.0
1189,1189,2445,2022-05-25 17:10:53,3,15.0,299969.0,11998.76,0.0
1190,1190,2446,2022-05-25 17:11:06,3,2.0,300294.0,12011.76,0.0
1191,1191,2447,2022-05-25 17:24:10,3,15.0,301115.0,12044.6,0.0
1192,1192,2448,2022-05-25 17:24:47,3,2.0,302039.0,12081.56,0.0
1193,1193,2449,2022-05-25 17:24:54,3,12.0,302214.0,12088.56,0.0
1194,1194,2450,2022-05-25 17:25:11,3,5.0,302639.0,12105.56,0.0
1195,1195,2451,2022-05-25 18:02:48,3,12.0,302905.0,12116.2,0.0
1196,1196,2452,2022-05-25 18:03:02,3,5.0,303254.0,12130.16,0.0
1197,1197,2453,2022-05-25 18:05:11,3,15.0,303500.0,12140.0,0.0
1198,1198,2454,2022-05-25 18:05:24,3,3.0,303824.0,12152.96,0.0
1199,1199,2455,2022-05-25 18:06:33,3,13.0,304449.0,12177.96,0.0
1200,1200,2456,2022-05-25 18:06:41,3,2.0,304649.0,12185.96,0.0
1201,1201,2457,2022-05-25 18:37:05,3,12.0,305029.0,12201.16,0.0
1202,1202,2458,2022-05-25 18:37:21,3,5.0,305429.0,12217.16,0.0
1203,1203,2459,2022-05-25 18:39:44,3,15.0,305644.0,12225.76,0.0
1204,1204,2460,2022-05-25 18:39:58,3,2.0,305994.0,12239.76,0.0
1205,1205,2461,2022-05-25 19:05:51,10,15.0,306239.0,12249.56,0.0
1206,1206,2462,2022-05-25 19:06:02,10,5.0,306514.0,12260.56,0.0
1207,1207,2463,2022-05-25 19:40:31,3,12.0,306759.0,12270.36,0.0
1208,1208,2464,2022-05-25 19:41:00,3,6.0,307485.0,12299.4,0.0
1209,1209,2465,2022-05-25 19:41:14,3,16.0,307835.0,12313.4,0.0
1210,1210,2466,2022-05-25 19:41:18,3,3.0,307935.0,12317.4,0.0
1211,1211,2467,2022-05-25 19:42:30,3,13.0,308194.0,12327.76,0.0
1212,1212,2468,2022-05-25 19:42:34,3,6.0,308294.0,12331.76,0.0
1213,1213,2469,2022-05-25 19:42:53,3,16.0,0.0,0.0,0.0
1214,1214,2470,2022-05-25 19:44:12,3,5.0,309004.0,12360.16,0.0
1215,1215,2471,2022-05-26 06:52:51,2,15.0,312201.0,12488.04,0.0
1216,1216,2472,2022-05-26 06:53:12,2,0.0,312727.0,12509.08,0.0
1217,1217,2473,2022-05-26 06:53:29,2,0.0,313052.0,12522.08,0.0
1218,1218,2474,2022-05-26 06:53:54,2,4.0,313676.0,12547.04,0.0
1219,1219,2475,2022-05-26 06:54:07,2,14.0,314001.0,12560.04,0.0
1220,1220,2476,2022-05-26 06:54:10,2,4.0,314076.0,12563.04,0.0
1221,1221,2477,2022-05-26 07:01:36,10,15.0,314326.0,12573.04,0.0
1222,1222,2478,2022-05-26 07:01:38,10,4.0,314376.0,12575.04,0.0
1223,1223,2479,2022-05-26 07:04:23,2,15.0,314621.0,12584.84,0.0
1224,1224,2480,2022-05-26 07:04:24,2,4.0,314646.0,12585.84,0.0
1225,1225,2481,2022-05-26 07:05:06,2,14.0,314936.0,12597.44,0.0
1226,1226,2482,2022-05-26 07:05:07,2,5.0,314961.0,12598.44,0.0
1227,1227,2483,2022-05-26 07:05:10,10,15.0,315036.0,12601.44,0.0
1228,1228,2484,2022-05-26 07:05:18,10,3.0,315237.0,12609.48,0.0
1229,1229,2485,2022-05-26 07:06:09,10,13.0,315551.0,12622.04,0.0
1230,1230,2486,2022-05-26 07:06:18,2,14.0,315776.0,12631.04,0.0
1231,1231,2487,2022-05-26 07:06:19,10,5.0,315801.0,12632.04,0.0
1232,1232,2488,2022-05-26 07:06:20,10,14.0,315826.0,12633.04,0.0
1233,1233,2489,2022-05-26 07:06:47,10,0.0,316501.0,12660.04,0.0
1234,1234,2490,2022-05-26 07:06:53,10,0.0,316651.0,12666.04,0.0
1235,1235,2491,2022-05-26 07:08:45,2,2.0,318051.0,12722.04,0.0
1236,1236,2492,2022-05-26 07:08:46,10,2.0,318076.0,12723.04,0.0
1237,1237,2493,2022-05-26 07:10:10,2,12.0,318677.0,12747.08,0.0
1238,1238,2494,2022-05-26 07:10:11,10,12.0,318702.0,12748.08,0.0
1239,1239,2495,2022-05-26 07:12:27,10,6.0,321042.0,12841.68,0.0
1240,1240,2496,2022-05-26 07:12:31,2,4.0,321142.0,12845.68,0.0
1241,1241,2497,2022-05-26 07:13:06,4,15.0,321596.0,12863.84,0.0
1242,1242,2498,2022-05-26 07:13:08,4,4.0,321646.0,12865.84,0.0
1243,1243,2499,2022-05-26 07:13:20,10,16.0,321946.0,12877.84,0.0
1244,1244,2500,2022-05-26 07:13:31,10,2.0,322221.0,12888.84,0.0
1245,1245,2501,2022-05-26 07:14:10,10,12.0,322516.0,12900.64,0.0
1246,1246,2502,2022-05-26 07:15:08,10,5.0,322967.0,12918.68,0.0
1247,1247,2503,2022-05-26 07:15:14,6,14.0,323116.0,12924.64,0.0
1248,1248,2504,2022-05-26 07:15:29,6,2.0,323491.0,12939.64,0.0
1249,1249,2505,2022-05-26 07:15:45,6,12.0,323791.0,12951.64,0.0
1250,1250,2506,2022-05-26 07:16:36,6,2.0,324726.0,12989.04,0.0
1251,1251,2507,2022-05-26 07:16:39,6,12.0,324801.0,12992.04,0.0
1252,1252,2508,2022-05-26 07:17:03,4,14.0,325261.0,13010.44,0.0
1253,1253,2509,2022-05-26 07:17:11,4,5.0,325461.0,13018.44,0.0
1254,1254,2510,2022-05-26 07:46:45,10,14.0,325851.0,13034.04,0.0
1255,1255,2511,2022-05-26 07:46:47,10,5.0,325901.0,13036.04,0.0
1256,1256,2512,2022-05-26 07:50:52,10,14.0,326426.0,13057.04,0.0
1257,1257,2513,2022-05-26 07:50:54,10,4.0,326476.0,13059.04,0.0
1258,1258,2514,2022-05-26 07:51:09,10,14.0,326712.0,13068.48,0.0
1259,1259,2515,2022-05-26 07:51:11,10,5.0,326762.0,13070.48,0.0
1260,1260,2516,2022-05-26 08:02:48,6,15.0,326966.0,13078.64,26.0
1261,1261,2517,2022-05-26 08:02:49,6,4.0,326991.0,13079.64,51.0
1262,1262,2518,2022-05-26 08:03:14,6,14.0,327237.0,13089.48,297.0
1263,1263,2519,2022-05-26 08:03:24,6,4.0,327486.0,13099.44,546.0
1264,1264,2520,2022-05-26 08:03:42,6,14.0,327736.0,13109.44,796.0
1265,1265,2521,2022-05-26 08:03:52,6,3.0,327986.0,13119.44,1046.0
1266,1266,2522,2022-05-26 08:04:49,6,13.0,328351.0,13134.04,1411.0
1267,1267,2523,2022-05-26 08:04:54,6,4.0,328476.0,13139.04,1536.0
1268,1268,2524,2022-05-26 08:07:00,6,14.0,328806.0,13152.24,1866.0
